ID,Site,Sub-layer,Raw.material,Termal.alteration,Cortex,Cortex.position.core,Class,Core.blank,Laminar_y.n,Carinated_y.n,Core.type,Core.classification,Core.classification.2,Core.classification.3,Blank.production,Length,Width,Thickness,Flaking.surface.length,Flaking.surface.width,Second.flaking.surface.length,Second.flaking.surface.width,Last.removal.blank,Last.removal.length,Last.removal.width,Platform.number,Striking.platform,Second.striking.platform,Flaking.direction,Reduction.pattern,Surfaces.number,Ratio_fsl_thickness,Ratio_l_t,Ratio_fsl_width,Ratio_l_w,Ratio_w_t,Volume,Area,Scanner,model.3D
Ca_1,Cala,AU12,Chert,FALSE,0%,NA,Core-Tool,Flake,yes,yes,E - carinated,Carinated,Carinated endscraper,Carinated endscraper,Bladelet,29.10000038,20.10000038,60.79999924,19,13.80000019,NA,NA,Bladelet,14.80000019,4.599999905,1,Ventral face,NA,Unidirectional,Convergent,1,0.312500004,0.478618433,0.945273614,1.447761186,0.330592116,9704.902344,3268.629199,Artec.Spider,yes
Ca_2,Cala,AU12,Radiolarite,FALSE,1-33%,Back,Core-Tool,Flake,yes,yes,E - carinated,Carinated,Carinated core,Carinated core,Bladelet,17.79999924,25.70000076,25.5,18.10000038,25.70000076,NA,NA,Bladelet,13,4.599999905,1,Reshaped,NA,Unidirectional,Convergent,1,0.709803937,0.698039186,0.70428015,0.692606954,1.007843167,3555.448975,1460.136173,Artec.Spider,yes
Ca_3,Cala,AU12,Chert,TRUE,0%,NA,Core-Tool,Flake,yes,yes,E - carinated,Carinated,Carinated endscraper,Carinated endscraper,Bladelet,12.5,24.79999924,18.20000076,21.39999962,12.69999981,NA,NA,Bladelet,10.30000019,5.5,1,Ventral face,NA,Unidirectional,Sub-parallel,1,1.175824106,0.686813158,0.862903237,0.504032274,1.362637264,2318.9021,1141.989158,Artec.Spider,yes
Ca_4,Cala,AU12,Radiolarite,TRUE,33-66%,Back;Base,Core-Tool,Flake,yes,yes,E - carinated,Carinated,Carinated endscraper,Carinated endscraper,Bladelet,22.89999962,37.29999924,40.09999847,18.39999962,33.70000076,NA,NA,Bladelet,18,9,1,Ventral face,NA,Unidirectional,Sub-parallel,1,0.458852876,0.571072331,0.493297587,0.613941021,0.93017458,9328.821289,3128.00916,Artec.Spider,yes
Ca_5,Cala,AU12,Radiolarite,FALSE,1-33%,Lateral left,Core-Tool,Flake,yes,yes,E - carinated,Carinated,Carinated endscraper,Carinated endscraper,Bladelet-Flake,13.8,24.39999962,27.4,15,18.5,NA,NA,Bladelet,9.8,5.7,1,Ventral face,NA,Unidirectional,Sub-parallel,1,0.547445255,0.503649635,0.614754108,0.565573779,0.890510935,4639.98584,1857.956199,Artec.Spider,yes
Ca_7,Cala,AU12,Radiolarite,FALSE,0%,NA,Core-Tool,Flake,yes,yes,E - carinated,Carinated,Carinated endscraper,Carinated endscraper,Bladelet,13.69999981,33.59999847,42,18.5,32.79999924,NA,NA,Bladelet,11.9,3.5,1,Ventral face,NA,Unidirectional,Convergent,1,0.44047619,0.326190472,0.550595263,0.407738108,0.799999964,8095.224121,2981.705474,Artec.Spider,yes
Ca_9,Cala,AU12,Chert,FALSE,1-33%,Back,Core-Tool,Flake,yes,yes,E - carinated,Carinated,Carinated endscraper,Carinated endscraper,Bladelet,12.19999981,20.89999962,28.10000038,21,20.5,NA,NA,Bladelet,17.6,3.9,1,Ventral face,NA,Unidirectional,Convergent,1,0.747330951,0.434163688,1.004784707,0.583732059,0.743772218,2397.669189,1190.365406,Artec.Spider,yes
Ca_10,Cala,AU12,Chert,FALSE,0%,NA,Core-Tool,Flake,yes,yes,E - carinated,Carinated,Carinated endscraper,Carinated endscraper,Bladelet,17.29999924,20.70000076,27,19,21.39999962,NA,NA,Bladelet,14.4,5,1,Ventral face,NA,Unidirectional,Sub-parallel,1,0.703703704,0.640740712,0.917874362,0.835748725,0.766666695,2063.922363,1079.74858,Artec.Spider,yes
Ca_11,Cala,AU12,Chert,FALSE,0%,NA,Core-Tool,Flake,yes,yes,E - carinated,Carinated,Carinated endscraper,Carinated endscraper,Bladelet,16,26,25.10000038,15.89999962,25.60000038,NA,NA,Bladelet,13.8,5.2,1,Ventral face,NA,Unidirectional,Sub-parallel,1,0.633466111,0.63745019,0.611538447,0.615384615,1.035856558,3217.052734,1391.778788,Artec.Spider,yes
Ca_12,Cala,AU12,Radiolarite,FALSE,1-33%,Lateral right,Core-Tool,Flake,yes,yes,E - carinated,Carinated,Carinated endscraper,Carinated endscraper,Bladelet,12.60000038,22.39999962,29.39999962,14.19999981,17,NA,NA,Bladelet,12.3,4,1,Ventral face,NA,Unidirectional,Sub-parallel,1,0.482993197,0.428571447,0.633928574,0.562500027,0.761904759,2895.134277,1439.156604,Artec.Spider,yes
Ca_15,Cala,AU12,Chert,FALSE,0%,NA,Core-Tool,Flake,yes,yes,E - carinated,Carinated,Carinated endscraper,Carinated endscraper,Bladelet-Flake,14.80000019,31.29999924,36.59999847,14.10000038,18,NA,NA,Flake,6.1,9.4,1,Ventral face,NA,Unidirectional,Convergent,1,0.385245928,0.404371607,0.450479256,0.472843468,0.855191272,4755.030273,2052.381101,Artec.Spider,yes
Ca_23,Cala,AU12,Radiolarite,TRUE,0%,NA,Core-Tool,Flake,yes,yes,E - carinated,Carinated,Carinated endscraper,Carinated endscraper,Bladelet,11.8,27.39999962,13.89999962,11.8,18.79999924,NA,NA,Bladelet,11.6,4.3,1,Ventral face,NA,Unidirectional,Convergent,1,0.848920887,0.848920887,0.43065694,0.43065694,1.971223048,1745.226563,947.4365619,Artec.Spider,yes
Ca_29,Cala,AU12,Radiolarite,FALSE,1-33%,Back,Core-Tool,Flake,yes,yes,E - carinated,Carinated,Carinated endscraper,Carinated endscraper,Bladelet,10.39999962,31.5,32.20000076,9.5,19.29999924,NA,NA,Flake,9.2,6,1,Reshaped,NA,Unidirectional,Convergent,1,0.295031049,0.322981347,0.301587302,0.330158718,0.978260846,4987.584961,2140.506413,Artec.Spider,yes
Ca_30,Cala,AU12,Radiolarite,TRUE,33-66%,Back;Base,Core-Tool,Flake,yes,yes,E - carinated,Carinated,Carinated endscraper,Carinated endscraper,Bladelet,18.29999924,23.4,25.8,16.39999962,22.70000076,NA,NA,Bladelet,11.8,3.3,1,Reshaped,NA,Unidirectional,Convergent,1,0.6356589,0.709302296,0.700854685,0.782051249,0.906976744,3467.727051,1469.45143,Artec.Spider,yes
Ca_31,Cala,AU12,Radiolarite,FALSE,0%,NA,Core-Tool,Flake,yes,yes,E - carinated,Carinated,Carinated endscraper,Carinated endscraper,Bladelet-Flake,17.60000038,34.5,26.60000038,15.39999962,29,NA,NA,Flake,15.9,9.3,1,Ventral face,NA,Unidirectional,Sub-parallel,1,0.578947346,0.66165414,0.446376801,0.510144939,1.296992463,5687.731445,2058.973198,Artec.Spider,yes
Ca_32,Cala,AU12,Radiolarite,FALSE,33-66%,Back;Base,Core-Tool,Pebble,yes,yes,E - carinated,Carinated,Carinated endscraper,Carinated endscraper,Bladelet,15.60000038,24.70000076,28.7,15.60000038,17.10000038,NA,NA,Bladelet,7.9,2.9,1,Reshaped,NA,Unidirectional,Sub-parallel,1,0.54355402,0.54355402,0.631578943,0.631578943,0.860627204,4608.467285,1774.11487,Artec.Spider,yes
Ca_33,Cala,AU12,Chert,FALSE,0%,NA,Core-Tool,Flake,yes,yes,E - carinated,Carinated,Carinated core,Carinated core,Bladelet,20.60000038,37,27.39999962,20.39999962,32.5,NA,NA,Bladelet,13.9,7.1,1,Ventral face,NA,Unidirectional,Sub-parallel,1,0.744525544,0.751824842,0.551351341,0.556756767,1.350364982,6283.228027,2141.225346,Artec.Spider,yes
Ca_34,Cala,AU12,Chert,FALSE,33-66%,Base,Core-Tool,Pebble,yes,yes,E - carinated,Carinated,Carinated endscraper,Carinated endscraper,Bladelet,13.80000019,23.39999962,31.89999962,15.60000038,17,NA,NA,Bladelet,14.7,3.9,1,Reshaped,NA,Unidirectional,Convergent,1,0.489028231,0.432601892,0.666666694,0.589743608,0.733542317,4379.596191,1696.60126,Artec.Spider,yes
Ca_35,Cala,AU12,Radiolarite,FALSE,66-99%,Back;Base;Lateral left;Lateral right,Core-Tool,Flake,yes,yes,E - carinated,Carinated,Carinated endscraper,Carinated endscraper,Bladelet-Flake,31.39999962,42.40000153,53.20000076,14.30000019,15.5,NA,NA,Flake,8.6,10.9,1,Plain,NA,Unidirectional,Sub-parallel,1,0.268796992,0.590225548,0.337264143,0.740566002,0.796992498,26491.27148,5656.688401,Artec.Spider,yes
Ca_36,Cala,AU12,Chert,FALSE,0%,NA,Core-Tool,Flake,yes,yes,E - carinated,Carinated,Carinated endscraper,Carinated endscraper,Bladelet-Flake,22.10000038,39.29999924,29.39999962,14.89999962,19,NA,NA,Flake,12,9,1,Ventral face,NA,Unidirectional,Sub-parallel,1,0.506802715,0.751700703,0.379134858,0.562340988,1.336734685,4630.280273,1767.78051,Artec.Spider,yes
Ca_38,Cala,AU12,Radiolarite,FALSE,1-33%,Base,Core-Tool,Flake,yes,yes,E - carinated,Carinated,Carinated core,Carinated core,Bladelet-Flake,15,24.29999924,23.5,16.5,23.60000038,NA,NA,Bladelet,13.8,4.4,1,Plain,NA,Unidirectional,Convergent,1,0.70212766,0.638297872,0.679012367,0.61728397,1.034042521,2796.625977,1215.795482,Artec.Spider,yes
Ca_39,Cala,AU12,Radiolarite,TRUE,0%,NA,Core-Tool,Flake,yes,yes,E - carinated,Carinated,Carinated endscraper,Carinated endscraper,Bladelet,11,21.79999924,21.5,12,21.20000076,NA,NA,Bladelet,12,5.5,1,Ventral face,NA,Unidirectional,Sub-parallel,1,0.558139535,0.511627907,0.550458735,0.504587174,1.013953453,2102.728271,1066.526384,Artec.Spider,yes
Ca_40,Cala,AU12,Radiolarite,FALSE,0%,NA,Core-Tool,Flake,yes,yes,E - carinated,Carinated,Carinated endscraper,Carinated endscraper,Bladelet,12.39999962,26.79999924,23.29999924,13.10000038,20.79999924,NA,NA,Bladelet,11,4.3,1,Ventral face,NA,Unidirectional,Convergent,1,0.562231794,0.532188842,0.488805998,0.462686566,1.150214597,3247.829834,1546.61253,Artec.Spider,yes
Ca_41,Cala,AU12,Chert,FALSE,0%,NA,Core-Tool,Flake,yes,yes,E - carinated,Carinated,Carinated burin,Carinated burin,Bladelet,11.30000019,18.5,22.89999962,10.39999962,9.300000191,NA,NA,Bladelet,7.3,3.5,1,Ventral face,NA,Unidirectional,Convergent,1,0.454148463,0.493449798,0.562162142,0.610810821,0.807860275,1409.106079,862.880662,Artec.Spider,yes
Ca_43,Cala,AU11,Chert,FALSE,1-33%,Back,Core-Tool,Pebble,yes,yes,E - carinated,Carinated,Carinated core,Carinated core,Bladelet,21,24.3,27.6,23.39999962,29,NA,NA,Bladelet,17.9,8.3,1,Plain,NA,Unidirectional,Sub-parallel,1,0.847826073,0.760869565,0.962962947,0.864197531,0.880434783,5794.444336,1976.943589,Artec.Spider,yes
Ca_44,Cala,AU11,Radiolarite,FALSE,1-33%,Base,Core-Tool,Pebble,yes,yes,E - carinated,Carinated,Carinated core,Carinated core,Bladelet,20.20000076,35.29999924,26.79999924,19.70000076,25.60000038,NA,NA,Bladelet,17.3,5.3,1,Plain,NA,Unidirectional,Sub-parallel,1,0.735074676,0.753731393,0.558073688,0.572237994,1.317164188,9609.418945,2831.019316,Artec.Spider,yes
Ca_45,Cala,AU11,Chert,FALSE,66-99%,Back;Base;Lateral right,Core-Tool,Pebble,yes,yes,E - carinated,Carinated,Carinated endscraper,Carinated endscraper,Bladelet-Flake,16,24.79999924,45.59999847,13,13.69999981,NA,NA,Flake,7.7,5.2,1,Plain,NA,Unidirectional,Convergent,1,0.285087729,0.350877205,0.524193565,0.64516131,0.543859651,8255.444336,2639.982473,Artec.Spider,yes
Ca_46,Cala,AU11,Radiolarite,FALSE,33-66%,Base;Lateral left,Core-Tool,Pebble,yes,yes,E - carinated,Carinated,Carinated endscraper,Carinated endscraper,Bladelet-Flake,22,24.20000076,33.79999924,11.8,18.9,NA,NA,Flake,5,10.5,1,Reshaped,NA,Unidirectional,Sub-parallel,1,0.349112434,0.650887589,0.48760329,0.90909088,0.71597637,6651.782227,2228.680404,Artec.Spider,yes
Ca_47,Cala,AU11,Radiolarite,FALSE,66-99%,Base,Core-Tool,Flake,yes,yes,E - carinated,Carinated,Carinated endscraper,Carinated endscraper,Bladelet,16.20000076,21.29999924,33.79999924,15.5,18.5,NA,NA,Bladelet,14,4.9,1,Plain,NA,Unidirectional,Convergent,1,0.458579892,0.479289974,0.727699557,0.760563443,0.630177506,4322.386719,1689.696447,Artec.Spider,yes
Ca_48,Cala,AU11,Radiolarite,TRUE,1-33%,Back,Core-Tool,Pebble,yes,yes,E - carinated,Carinated,Carinated endscraper,Carinated endscraper,Bladelet-Flake,22.29999924,23.5,38.40000153,21.5,19.5,NA,NA,Flake,8.2,6.6,1,Plain,NA,Unidirectional,Sub-parallel,1,0.559895811,0.580729124,0.914893617,0.948936138,0.611979142,6602.419434,2398.374106,Artec.Spider,yes
Ca_49,Cala,AU11,Chert,FALSE,0%,NA,Core-Tool,Flake,yes,yes,E - carinated,Carinated,Carinated endscraper,Carinated endscraper,Bladelet-Flake,22.60000038,27.89999962,43,22.60000038,26.70000076,NA,NA,Bladelet,18.7,5.1,1,Ventral face,NA,Unidirectional,Sub-parallel,1,0.525581404,0.525581404,0.810035867,0.810035867,0.6488372,7164.547852,2748.813013,Artec.Spider,yes
Ca_50,Cala,AU11,Chert,FALSE,1-33%,Base,Core-Tool,Flake,yes,yes,E - carinated,Carinated,Carinated endscraper,Carinated endscraper,Bladelet-Flake,18.5,38.40000153,21.5,18.2,26.2,NA,NA,Flake,11.1,8.2,1,Ventral face,NA,Unidirectional,Sub-parallel,1,0.846511628,0.860465116,0.473958314,0.481770814,1.786046583,6340.241699,2230.657616,Artec.Spider,yes
Ca_51,Cala,AU11,Chert,FALSE,0%,NA,Core-Tool,Flake,yes,yes,E - carinated,Carinated,Carinated endscraper,Carinated endscraper,Bladelet,18,20.39999962,41.59999847,14.5,15.69999981,NA,NA,Bladelet,6.14,2,1,Ventral face,NA,Unidirectional,Convergent,1,0.348557705,0.432692324,0.710784327,0.882352958,0.490384624,5655.291016,2127.016976,Artec.Spider,yes
Ca_52,Cala,AU11,Chert,FALSE,0%,NA,Core-Tool,Flake,yes,yes,E - carinated,Carinated,Carinated endscraper,Carinated endscraper,Bladelet,15.10000038,24.60000038,34.79999924,13.39999962,24.70000076,NA,NA,Bladelet,11.7,5.5,1,Reshaped,NA,Unidirectional,Convergent,1,0.385057469,0.433908066,0.544715423,0.613821144,0.706896578,4952.051758,1901.122651,Artec.Spider,yes
Ca_53,Cala,AU11,Radiolarite,FALSE,66-99%,Base;Left;Right,Core-Tool,Flake,yes,yes,E - carinated,Carinated,Carinated core,Carinated core,Bladelet,19.79999924,28.10000038,29,19.29999924,19.60000038,NA,NA,Bladelet,16.5,6.3,1,Ventral face,NA,Unidirectional,Sub-parallel,1,0.665517215,0.682758594,0.686832704,0.704626298,0.96896553,4944.871582,1874.481665,Artec.Spider,yes
Ca_56,Cala,AU11,Chert,FALSE,0%,NA,Core-Tool,Flake,yes,yes,E - carinated,Carinated,Carinated endscraper,Carinated endscraper,Bladelet,15.5,22,27.5,15.8,20.3,NA,NA,Bladelet,10.7,4.8,1,Ventral face,NA,Unidirectional,Convergent,1,0.574545455,0.563636364,0.718181818,0.704545455,0.8,3006.576172,1340.638226,Artec.Spider,yes
Ca_57,Cala,AU11,Chert,FALSE,0%,NA,Core-Tool,Flake,yes,yes,E - carinated,Carinated,Carinated endscraper,Carinated endscraper,Bladelet,13.30000019,23.60000038,21.60000038,11.30000019,20.60000038,NA,NA,Bladelet,9.5,4,1,Ventral face,NA,Unidirectional,Sub-parallel,1,0.523148148,0.615740739,0.47881356,0.563559321,1.092592591,2678.97583,1252.166475,Artec.Spider,yes
Ca_59,Cala,AU11,Chert,FALSE,0%,NA,Core-Tool,Flake,yes,yes,E - carinated,Carinated,Carinated endscraper,Carinated endscraper,Bladelet,15,27,21.1,17.2,26.6,NA,NA,Bladelet,14.2,3.5,1,Ventral face,NA,Unidirectional,Convergent,1,0.815165877,0.710900474,0.637037037,0.555555556,1.279620853,2779.367188,1222.103983,Artec.Spider,yes
Ca_61,Cala,AU11,Radiolarite,FALSE,0%,NA,Core-Tool,Flake,yes,yes,E - carinated,Carinated,Carinated endscraper,Carinated endscraper,Bladelet,11.7,21.60000038,27.8,12.1,20.5,NA,NA,Bladelet,9.7,3.7,1,Ventral face,NA,Unidirectional,Convergent,1,0.435251799,0.420863309,0.560185175,0.541666657,0.776978431,1764.635864,1110.239861,Artec.Spider,yes
Ca_65,Cala,AU11,Chert,FALSE,0%,NA,Core,Flake,no,no,C - parallel,Parallel,Parallel,Parallel,Flake,21,22.5,11.10000038,NA,NA,NA,NA,Flake,NA,NA,2,Plain,Plain,Centripetal,Centripetal,2,NA,1.891891827,NA,0.933333333,2.027026957,1910.140747,944.2394196,Artec.Spider,yes
Ca_71,Cala,AU11,Quartzite,FALSE,0%,NA,Core-Tool,Flake,yes,yes,E - carinated,Carinated,Carinated endscraper,Carinated endscraper,Bladelet,11,20.89999962,20.8,11,18.10000038,NA,NA,Bladelet,10.6,3.7,1,Ventral face,NA,Unidirectional,Convergent,1,0.528846154,0.528846154,0.526315799,0.526315799,1.004807674,2143.388672,1068.201113,Artec.Spider,yes
Ca_72,Cala,AU11,Chert,FALSE,1-33%,Base,Core-Tool,Flake,yes,yes,E - carinated,Carinated,Carinated endscraper,Carinated endscraper,Bladelet,13,22.60000038,31.8,13.2,20.9,NA,NA,Bladelet,11.3,5,1,Ventral face,NA,Unidirectional,Convergent,1,0.41509434,0.408805031,0.584070787,0.575221229,0.710691836,2845.151855,1423.020761,Artec.Spider,yes
Ca_74,Cala,AU11,Radiolarite,FALSE,0%,NA,Core-Tool,Flake,yes,yes,E - carinated,Carinated,Carinated endscraper,Carinated endscraper,Bladelet,13,20.20000076,26.3,11.89999962,19.20000076,NA,NA,Bladelet,11.7,3.7,1,Ventral face,NA,Unidirectional,Sub-parallel,1,0.452471468,0.494296578,0.58910887,0.643564332,0.768060866,2178.646973,1187.071468,Artec.Spider,yes
Ca_75,Cala,AU11,Chert,FALSE,0%,NA,Core-Tool,Flake,yes,yes,E - carinated,Carinated,Carinated endscraper,Carinated endscraper,Bladelet,14.10000038,26.5,23.20000076,13.30000019,24.60000038,NA,NA,Bladelet,10.3,3.2,1,Ventral face,NA,Unidirectional,Convergent,1,0.573275851,0.607758617,0.5018868,0.532075486,1.142241342,2244.62915,1152.99157,Artec.Spider,yes
Ca_76,Cala,AU11,Chert,FALSE,1-33%,Base,Core-Tool,Flake,yes,yes,E - carinated,Carinated,Carinated endscraper,Carinated endscraper,Bladelet,8,14.80000019,20.4,8,13.89999962,NA,NA,Bladelet,6.6,2.8,1,Ventral face,NA,Unidirectional,Convergent,1,0.392156863,0.392156863,0.540540534,0.540540534,0.725490205,988.8093262,624.6381165,Artec.Spider,yes
Ca_77,Cala,AU11,Chert,FALSE,1-33%,Base,Core-Tool,Flake,yes,yes,E - carinated,Carinated,Carinated endscraper,Carinated endscraper,Bladelet,13,18.7,32.5,13.30000019,16.10000038,NA,NA,Bladelet,12.9,3.1,1,Ventral face,NA,Unidirectional,Convergent,1,0.409230775,0.4,0.711229957,0.695187166,0.575384615,2448.207031,1205.083067,Artec.Spider,yes
Ca_78,Cala,AU13,Chert,FALSE,33-66%,Back;Base,Core,Pebble,yes,no,D - platform,Burin core,Burin core,Burin core,Bladelet,33.40000153,26.89999962,22.10000038,31.6,22.29999924,NA,NA,Bladelet,14.5,4.1,1,Reshaped,NA,Unidirectional,Sub-parallel,1,1.429864229,1.51131226,1.174721206,1.241635762,1.217194532,8926.757813,2659.186232,Artec.Spider,yes
Ca_79,Cala,AU13,Radiolarite,FALSE,66-99%,Back;Base;Lateral left;Lateral right,Core-Tool,Pebble,yes,yes,E - carinated,Carinated,Carinated core,Carinated core,Bladelet,18.5,21.89999962,26,19.79999924,21.60000038,NA,NA,Bladelet,16.8,3.9,1,Reshaped,NA,Unidirectional,Convergent,1,0.761538432,0.711538462,0.90410957,0.844748873,0.842307678,3850.567627,1451.610071,Artec.Spider,yes
Ca_80,Cala,AU13,Chert,FALSE,1-33%,Lateral right,Core-Tool,Flake,yes,yes,E - carinated,Carinated,Carinated endscraper,Carinated endscraper,Bladelet,18.20000076,25.10000038,38.79999924,17.79999924,21.20000076,NA,NA,Bladelet,14.3,5,1,Ventral face,NA,Unidirectional,Sub-parallel,1,0.458762876,0.469072194,0.709163305,0.725099621,0.646907239,5119.748047,1984.42605,Artec.Spider,yes
Ca_81,Cala,AU13,Chert,FALSE,33-66%,Base,Core-Tool,Flake,yes,yes,E - carinated,Carinated,Carinated core,Carinated core,Bladelet-Flake,20.5,23.60000038,30.70000076,17.20000076,22.70000076,NA,NA,Flake,10.8,9.3,1,Ventral face,NA,Unidirectional,Sub-parallel,1,0.560260597,0.667752426,0.72881358,0.868644054,0.768729635,5363.375977,1976.380932,Artec.Spider,yes
Ca_87,Cala,AU13,Chert,FALSE,1-33%,NA,Core-Tool,Blade,yes,yes,E - carinated,Carinated,Carinated endscraper,Carinated endscraper,Bladelet,9.9,16,33.4,11,14.7,NA,NA,Flake,5,4.1,1,Ventral face,NA,Unidirectional,Convergent,1,0.329341317,0.296407186,0.6875,0.61875,0.479041916,1796.777954,1087.594083,Artec.Spider,yes
Ca_90,Cala,AU13,Chert,FALSE,0%,NA,Core-Tool,Flake,yes,yes,E - carinated,Carinated,Carinated endscraper,Carinated endscraper,Bladelet,8.9,36.09999847,32.1,11.89999962,19,NA,NA,Bladelet,12.4,3.5,1,Ventral face,NA,Unidirectional,Sub-parallel,1,0.370716499,0.277258567,0.329639893,0.246537407,1.124610544,4578.445801,2170.067023,Artec.Spider,yes
Ca_91,Cala,AU13,Radiolarite,FALSE,1-33%,Lateral left,Core-Tool,Pebble,yes,yes,E - carinated,Carinated,Carinated endscraper,Carinated endscraper,Bladelet,18.1,24.39999962,23.6,17.29999924,14,NA,NA,Bladelet,16.3,4.9,1,Plain,NA,Unidirectional,Convergent,1,0.733050815,0.766949153,0.709016373,0.74180329,1.033898289,2770.045166,1310.629966,Artec.Spider,yes
Ca_92,Cala,AU13,Radiolarite,FALSE,1-33%,Base,Core-Tool,Flake,yes,yes,E - carinated,Carinated,Carinated endscraper,Carinated endscraper,Bladelet,14.60000038,23.60000038,31.79999924,13.80000019,18.89999962,NA,NA,Bladelet,10.4,3.5,1,Ventral face,NA,Unidirectional,Convergent,1,0.433962281,0.45911952,0.584745761,0.618644074,0.742138395,3370.820557,1562.188819,Artec.Spider,yes
Ca_96,Cala,AU13,Chert,FALSE,0%,NA,Core-Tool,Flake,yes,yes,E - carinated,Carinated,Carinated endscraper,Carinated endscraper,Bladelet,14.1,34.90000153,58.6,14.39999962,28.5,NA,NA,Bladelet,14.2,5,1,Ventral face,NA,Unidirectional,Sub-parallel,1,0.245733782,0.240614334,0.412607421,0.404011444,0.595563166,6850.352539,3051.35962,Artec.Spider,yes
Ca_99,Cala,AU13,Chert,FALSE,0%,NA,Core-Tool,Flake,yes,yes,E - carinated,Carinated,Carinated endscraper,Carinated endscraper,Bladelet,16,21.9,31.1,15.80000019,21.9,NA,NA,Bladelet,12.4,4.3,1,Ventral face,NA,Unidirectional,Convergent,1,0.508038591,0.514469453,0.721461196,0.730593607,0.704180064,3356.623535,1505.855309,Artec.Spider,yes
Ca_100,Cala,AU13,Chert,FALSE,33-66%,Base,Core-Tool,Flake,yes,yes,E - carinated,Carinated,Carinated endscraper,Carinated endscraper,Bladelet,12.19999981,13.89999962,31.89999962,12.39999962,13,NA,NA,Bladelet,11.2,3.4,1,Ventral face,NA,Unidirectional,Convergent,1,0.388714726,0.38244514,0.892086328,0.877697852,0.43573667,2292.187012,1163.54773,Artec.Spider,yes
Ca_101,Cala,AU13,Radiolarite,FALSE,33-66%,Back;Lateral right,Core-Tool,Nodule,yes,yes,E - carinated,Carinated,Carinated endscraper,Carinated endscraper,Bladelet,22.29999924,28.89999962,49.40000153,12.80000019,17.70000076,NA,NA,Bladelet,10.5,2.7,1,Reshaped,NA,Unidirectional,Convergent,1,0.259109308,0.451416975,0.442906587,0.771626281,0.585020217,17814.63867,4288.024057,Artec.Spider,yes
Ca_103,Cala,AU13,Radiolarite,FALSE,66-99%,Back;Left;Right,Core-Tool,Blade,yes,yes,E - carinated,Carinated,Carinated endscraper,Carinated endscraper,Bladelet-Flake,14.2,38,18,11.80000019,19.79999924,NA,NA,Flake,9.6,8.8,1,Ventral face,NA,Unidirectional,Sub-parallel,1,0.655555566,0.788888889,0.310526321,0.373684211,2.111111111,4441.541504,1749.160948,Artec.Spider,yes
Ca_105,Cala,AU13,Radiolarite,FALSE,0%,NA,Core-Tool,Flake,yes,yes,Bipolar;E - carinated,Multi-platform,"Multi-platform carinated, bipolar",Multi-platform,Bladelet,13,26.89999962,29.89999962,11.30000019,19.5,28,13.60000038,Bladelet,8.1,3.3,2,Ventral face,Dihedral,Unidirectional,Convergent,2,0.377926433,0.434782614,0.420074362,0.483271382,0.899665551,3287.499268,1443.781191,Artec.Spider,yes
Ca_106,Cala,AU13,Chert,FALSE,0%,NA,Core-Tool,Flake,yes,yes,E - carinated,Carinated,Carinated burin,Carinated burin,Bladelet,36.29999924,24.39999962,16.70000076,15.80000019,14.5,NA,NA,Bladelet,14,4.8,1,Reshaped,NA,Unidirectional,Convergent,1,0.946107753,2.17365255,0.647541002,1.48770491,1.461077755,5497.486328,2066.367001,Artec.Spider,yes
Ca_108,Cala,AU13,Chert,FALSE,33-66%,Base;Right,Core-Tool,Flake,yes,yes,E - carinated,Carinated,Carinated endscraper,Carinated endscraper,Bladelet,11.9,21.29999924,23,13.5,15,NA,NA,Bladelet,13.2,4.9,1,Ventral face,NA,Unidirectional,Convergent,1,0.586956522,0.517391304,0.63380284,0.558685466,0.926086923,2394.745361,1173.970343,Artec.Spider,yes
Ca_109,Cala,AU13,Chert,FALSE,0%,NA,Core-Tool,Flake,yes,yes,E - carinated,Carinated,Carinated endscraper,Carinated endscraper,Bladelet,14.89999962,22,27.10000038,13.5,20.10000038,NA,NA,Bladelet,8.9,3.6,1,Ventral face,NA,Unidirectional,Convergent,1,0.498154975,0.549815476,0.613636364,0.67727271,0.811808107,3093.022461,1362.903361,Artec.Spider,yes
Ca_110,Cala,AU13,Chert,FALSE,33-66%,Lateral left,Core-Tool,Flake,yes,yes,E - carinated,Carinated,Carinated endscraper,Carinated endscraper,Bladelet-Flake,22.89999962,31.39999962,36.20000076,22.10000038,30.10000038,NA,NA,Flake,19,15,1,Ventral face,NA,Unidirectional,Sub-parallel,1,0.610497235,0.632596661,0.703821677,0.72929936,0.867403286,8044.735352,2702.498396,Artec.Spider,yes
Ca_111,Cala,AU13,Chert,FALSE,1-33%,Lateral right,Core-Tool,Flake,yes,yes,E - carinated,Carinated,Carinated endscraper,Carinated endscraper,Bladelet-Flake,18.29999924,16.79999924,33.29999924,17,15.69999981,NA,NA,Flake,9.8,5.4,1,Ventral face,NA,Unidirectional,Sub-parallel,1,0.510510522,0.549549539,1.011904808,1.089285718,0.504504493,3830.302979,1587.900343,Artec.Spider,yes
Ca_113,Cala,AU13,Chert,FALSE,1-33%,Back,Core-Tool,Flake,yes,yes,E - carinated,Carinated,Carinated endscraper,Carinated endscraper,Bladelet,14.80000019,31.29999924,36.29999924,14.10000038,21.89999962,NA,NA,Bladelet,11.1,3.9,1,Ventral face,NA,Unidirectional,Convergent,1,0.388429771,0.407713512,0.450479256,0.472843468,0.86225895,5914.833008,2346.041424,Artec.Spider,yes
Ca_114,Cala,AU13,Chert,FALSE,0%,NA,Core-Tool,Flake,yes,yes,E - carinated,Carinated,Carinated endscraper,Carinated endscraper,Bladelet,16.89999962,29.10000038,32,18.70000076,28.10000038,NA,NA,Bladelet,12.2,4,1,Ventral face,NA,Unidirectional,Convergent,2,0.584375024,0.528124988,0.642611702,0.580755993,0.909375012,4891.769531,1816.321993,Artec.Spider,yes
Ca_116,Cala,AU13,Chert,FALSE,0%,NA,Core-Tool,Flake,yes,yes,E - carinated,Carinated,Carinated endscraper,Carinated endscraper,Bladelet,13.5,16.6,28,12.60000038,16.9,NA,NA,Bladelet,11.8,4.1,1,Ventral face,NA,Unidirectional,Convergent,1,0.450000014,0.482142857,0.759036168,0.813253012,0.592857143,1749.11084,957.3819413,Artec.Spider,yes
Ca_117,Cala,AU13,Chert,FALSE,0%,NA,Core-Tool,Flake,yes,yes,E - carinated,Carinated,Carinated endscraper,Carinated endscraper,Bladelet,13.39999962,26.60000038,26.5,13.30000019,23.20000076,NA,NA,Bladelet,11.5,2.9,1,Ventral face,NA,Unidirectional,Convergent,1,0.5018868,0.505660363,0.5,0.503759377,1.003773599,2817.947754,1355.013326,Artec.Spider,yes
Ca_118,Cala,AU13,Quartzite,FALSE,66-99%,Base;Left;Right,Core-Tool,Flake,yes,yes,E - carinated,Carinated,Carinated endscraper,Carinated endscraper,Bladelet,16,25.39999962,43.70000076,18.79999924,21.60000038,9.600000381,13.60000038,Bladelet,13.9,4.7,1,Ventral face,NA,Unidirectional,Convergent,1,0.430205925,0.366132717,0.740157461,0.629921269,0.581235679,6266.80127,2361.738662,Artec.Spider,yes
Ca_119,Cala,AU13,Chert,FALSE,33-66%,Base,Core-Tool,Flake,yes,yes,E - carinated,Carinated,Carinated endscraper,Carinated endscraper,Bladelet,14.3,32,38.3,14.89999962,20.39999962,NA,NA,Bladelet,13,5.4,1,Ventral face,NA,Unidirectional,Convergent,1,0.389033933,0.373368146,0.465624988,0.446875,0.835509138,3821.184326,1882.647295,Artec.Spider,yes
Ca_120,Cala,AU12,Radiolarite,FALSE,1-33%,Back,Core-Tool,Flake,yes,yes,E - carinated,Carinated,Carinated endscraper,Carinated endscraper,Bladelet,19.20000076,35.59999847,44.20000076,18.60000038,29,NA,NA,Bladelet,16.3,5.3,1,Ventral face,NA,Unidirectional,Convergent,1,0.420814481,0.43438915,0.522471943,0.539325887,0.805429816,10488.13574,3454.80714,Artec.Spider,yes
Ca_122,Cala,AU12,Radiolarite,FALSE,1-33%,Back,Core-Tool,Flake,yes,yes,E - carinated,Carinated,Carinated endscraper,Carinated endscraper,Bladelet,14.4,31.70000076,26.2,16.8,29.3,NA,NA,Bladelet,12.9,5.9,1,Ventral face,NA,Unidirectional,Convergent,1,0.641221374,0.549618321,0.529968442,0.454258664,1.209923693,3916.542236,1637.064058,Artec.Spider,yes
Ca_124,Cala,AU12,Chert,FALSE,0%,NA,Core-Tool,Flake,yes,yes,E - carinated,Carinated,Carinated endscraper,Carinated endscraper,Bladelet-Flake,10.8,23.89999962,21.6,10,21.6,NA,NA,Bladelet,9.2,4.5,1,Ventral face,NA,Unidirectional,Sub-parallel,1,0.462962963,0.5,0.418410049,0.451882852,1.106481464,2352.356934,1087.392702,Artec.Spider,yes
Ca_127,Cala,AU11,Chert,FALSE,33-66%,Back;Base,Core-Tool,Pebble,yes,yes,E - carinated,Carinated,Carinated core,Carinated core,Bladelet,24.89999962,39.59999847,42.2,25.70000076,31.29999924,NA,NA,Bladelet,19,5.3,1,Plain,NA,Unidirectional,Convergent,1,0.609004757,0.590047384,0.648989943,0.628787893,0.938388589,14838.98242,3733.816524,Artec.Spider,yes
Ca_128,Cala,AU11,Radiolarite,FALSE,0%,NA,Core-Tool,Undetermined,yes,yes,E - carinated,Carinated,Carinated endscraper,Carinated endscraper,Bladelet,23.2,26.39999962,32.9,22.89999962,24.39999962,NA,NA,Bladelet,16.5,4.2,1,Plain,NA,Unidirectional,Convergent,1,0.696048621,0.705167173,0.867424241,0.878787891,0.802431599,6393.182129,2138.37727,Artec.Spider,yes
Ca_133,Cala,AU10,Radiolarite,FALSE,0%,NA,Core-Tool,Flake,yes,yes,E - carinated,Multi-platform,"Multi-platform carinated burin, carinated endscraper",Multi-platform,Bladelet,19.10000038,22.60000038,39.5,18.60000038,16.20000076,14.19999981,20,Bladelet,14.9,4.5,1,Reshaped,NA,Unidirectional,Sub-parallel,2,0.470886086,0.483544313,0.823008853,0.845132746,0.572151908,6323.845215,2203.716338,Artec.Spider,yes
Ca_136,Cala,AU10,Radiolarite,FALSE,0%,NA,Core-Tool,Undetermined,yes,yes,E - carinated,Carinated,Carinated endscraper,Carinated endscraper,Bladelet,19,20.60000038,28.79999924,19,20.10000038,NA,NA,Bladelet,11.6,4,1,Plain,NA,Unidirectional,Convergent,1,0.65972224,0.65972224,0.92233008,0.92233008,0.71527781,2953.636475,1391.123345,Artec.Spider,yes
Ca_137,Cala,AU12,Chert,FALSE,33-66%,NA,Core-Tool,Flake,yes,yes,E - carinated,Carinated,Carinated endscraper,Carinated endscraper,Bladelet,11.7,29.8,28.4,12.69999981,26.29999924,NA,NA,Bladelet,14,6.3,1,Ventral face,NA,Unidirectional,Sub-parallel,1,0.447183092,0.411971831,0.42617449,0.39261745,1.049295775,4055.880615,1612.136286,Artec.Spider,yes
Ca_138,Cala,AU12,Radiolarite,FALSE,1-33%,NA,Core-Tool,Flake,yes,yes,E - carinated,Carinated,Carinated endscraper,Carinated endscraper,Bladelet,15,26,25.3,17.8,22.2,NA,NA,Bladelet,10.2,4.4,1,Ventral face,NA,Unidirectional,Sub-parallel,1,0.703557312,0.592885375,0.684615385,0.576923077,1.027667984,2772.689453,1428.007517,Artec.Spider,yes
Ca_142,Cala,AU12,Chert,TRUE,0%,NA,Core-Tool,Flake,yes,yes,E - carinated,Carinated,Carinated endscraper,Carinated endscraper,Bladelet,11.1,26.39999962,32.3,11.6,23.3,NA,NA,Bladelet,9.9,4.1,1,Ventral face,NA,Unidirectional,Convergent,1,0.359133127,0.343653251,0.439393946,0.420454552,0.817337449,4672.249023,1881.494037,Artec.Spider,yes
Ca_144,Cala,AU12,Chert,FALSE,0%,NA,Core-Tool,Flake,yes,yes,E - carinated,Carinated,Carinated endscraper,Carinated endscraper,Bladelet,11.8,20.3,29.9,12.5,24.4,NA,NA,Bladelet,10.5,3.9,1,Ventral face,NA,Unidirectional,Convergent,1,0.418060201,0.394648829,0.615763547,0.581280788,0.678929766,2628.179199,1269.16057,Artec.Spider,yes
Ca_147,Cala,AU12,Chert,FALSE,1-33%,Back,Core-Tool,Flake,yes,yes,E - carinated,Carinated,Carinated endscraper,Carinated endscraper,Bladelet,10.6,23.20000076,18.3,13.2,22.1,NA,NA,Bladelet,12.2,4.1,1,Ventral face,NA,Unidirectional,Convergent,1,0.721311475,0.579234973,0.568965499,0.456896537,1.267759605,1798.378418,997.857473,Artec.Spider,yes
Ca_148,Cala,AU12,Chert,FALSE,33-66%,Back;Base;Lateral right,Core-Tool,Pebble,yes,yes,E - carinated,Carinated,Carinated endscraper,Carinated endscraper,Bladelet,16.60000038,20.1,29,15.89999962,20.1,NA,NA,Bladelet,13.3,4.2,1,Plain,NA,Unidirectional,Sub-parallel,1,0.548275849,0.572413806,0.791044757,0.825870666,0.693103448,4135.28418,1570.710658,Artec.Spider,yes
Ca_149,Cala,AU12,Radiolarite,FALSE,1-33%,Base,Core-Tool,Flake,yes,yes,E - carinated,Carinated,Carinated endscraper,Carinated endscraper,Bladelet-Flake,18.20000076,30.39999962,33.79999924,16.79999924,29.5,NA,NA,Flake,10.3,7.1,1,Ventral face,NA,Unidirectional,Sub-parallel,1,0.497041409,0.538461573,0.552631561,0.598684243,0.899408293,7020.519043,2390.001488,Artec.Spider,yes
Ca_152,Cala,AU12,Radiolarite,TRUE,33-66%,Base,Core-Tool,Pebble,yes,yes,E - carinated,Carinated,Carinated endscraper,Carinated endscraper,Bladelet,21,30.20000076,42.40000153,15.19999981,27.70000076,NA,NA,Bladelet,12.9,5.1,1,Plain,NA,Unidirectional,Convergent,1,0.358490549,0.495283001,0.503311239,0.695364221,0.712264143,11575.66895,3252.39316,Artec.Spider,yes
Ca_153,Cala,AU12,Radiolarite,FALSE,0%,NA,Core-Tool,Undetermined,yes,yes,E - carinated,Carinated,Carinated core,Carinated core,Bladelet-Flake,24.5,39.09999847,46.40000153,20.5,35.59999847,NA,NA,Flake,9.9,10.9,1,Reshaped,NA,Unidirectional,Convergent,1,0.44181033,0.528017224,0.524296696,0.62659849,0.842672353,13036.79004,3628.614298,Artec.Spider,yes
Ca_154,Cala,AU12,Chert,FALSE,1-33%,Back,Core-Tool,Undetermined,yes,yes,E - carinated,Carinated,Carinated burin,Carinated burin,Bladelet,26.7,22.2,42.5,25,22.20000076,NA,NA,Bladelet,18,4.9,1,Reshaped,NA,Unidirectional,Convergent,1,0.588235294,0.628235294,1.126126126,1.202702703,0.522352941,8960.771484,2642.2004,Artec.Spider,yes
Ca_155,Cala,AU12,Chert,FALSE,0%,NA,Core-Tool,Flake,yes,yes,E - carinated,Carinated,Carinated endscraper,Carinated endscraper,Bladelet,9.7,21.79999924,24,14.3,19.8,NA,NA,Bladelet,11.8,3.6,1,Ventral face,NA,Unidirectional,Convergent,1,0.595833333,0.404166667,0.655963326,0.444954144,0.908333302,2322.587402,1115.36949,Artec.Spider,yes
Ca_156,Cala,AU12,Chert,FALSE,1-33%,Back,Core-Tool,Pebble,yes,yes,E - carinated,Carinated,Carinated burin,Carinated burin,Bladelet,18.89999962,18.20000076,19.5,14.10000038,12.5,NA,NA,Bladelet,11.8,3.7,1,Reshaped,NA,Unidirectional,Sub-parallel,1,0.723076943,0.96923075,0.774725263,1.038461474,0.933333372,2462.423828,1119.727161,Artec.Spider,yes
Ca_157,Cala,AU12,Chert,FALSE,33-66%,Back,Core-Tool,Flake,yes,yes,E - carinated,Carinated,Carinated endscraper,Carinated endscraper,Bladelet-Flake,13,19.8,33,12.89999962,12.30000019,NA,NA,Flake,11.4,6,1,Ventral face,NA,Unidirectional,Convergent,1,0.390909079,0.393939394,0.651515132,0.656565657,0.6,2619.868408,1410.312073,Artec.Spider,yes
Ca_159,Cala,AU12,Chert,FALSE,0%,NA,Core-Tool,Flake,yes,yes,E - carinated,Carinated,Carinated endscraper,Carinated endscraper,Bladelet,13.4,23.60000038,23.39999962,15.5,19.89999962,NA,NA,Bladelet,13.4,4,1,Ventral face,NA,Unidirectional,Convergent,1,0.662393173,0.572649582,0.65677965,0.567796601,1.008547041,2337.255371,1069.15383,Artec.Spider,yes
Ca_160,Cala,AU12,Radiolarite,FALSE,1-33%,Back,Core-Tool,Flake,yes,yes,E - carinated,Carinated,Carinated endscraper,Carinated endscraper,Bladelet-Flake,14.3,26.60000038,31,19,26.39999962,NA,NA,Flake,13.9,9.2,1,Ventral face,NA,Unidirectional,Convergent,1,0.612903226,0.461290323,0.714285704,0.537593977,0.858064528,4324.145996,1675.402398,Artec.Spider,yes
Ca_161,Cala,AU12,Chert,FALSE,33-66%,Back,Core-Tool,Nodule,yes,yes,D- platform;E - carinated,Multi-platform,"Multi-platform wide-faced, carinated endscraper",Multi-platform,Bladelet-Flake,11.4,24.70000076,30,9,17.6,27.3,25.4,Flake,7.8,4.5,1,Plain,NA,Unidirectional,Sub-parallel,2,0.3,0.38,0.364372458,0.461538447,0.823333359,3483.040771,1530.433362,Artec.Spider,yes
Ca_191,Cala,AU12,Limestone,FALSE,100%,1,Core,Pebble,no,no,H - tested raw material nodule,Tested,Tested,Tested,Flake,67.30000305,48.79999924,19.10000038,NA,NA,NA,NA,Undetermined,NA,NA,1,NA,NA,Unidirectional,Sub-parallel,2,NA,3.523560299,NA,1.379098445,2.554973731,32531.86133,6488.72074,Artec.Spider,yes
Ca_192,Cala,AU12,Radiolarite,FALSE,66-99%,Back;Base;Lateral left;Lateral right,Core,Pebble,no,no,H - tested raw material nodule,Tested,Tested,Tested,Flake,44,39,94,NA,NA,NA,NA,Undetermined,NA,NA,1,NA,NA,Unidirectional,Sub-parallel,1,NA,0.468085106,NA,1.128205128,0.414893617,73402.58594,11378.64055,Artec.Spider,yes
Ca_204,Cala,AU11,Chert,FALSE,1-33%,Base,Core,Block,no,no,F - multidirectional,Multidirectional,Multidirectional,Multidirectional,Flake,65.5,57.59999847,22.39999962,NA,NA,NA,NA,Flake,NA,NA,2,NA,NA,Multidirectional,Multidirectional,2,NA,2.924107193,NA,1.137152808,2.571428547,46434.75391,9244.392112,Artec.Spider,yes
Ca_205,Cala,AU13,Chert,FALSE,0%,NA,Core,Block,no,no,F - multidirectional,Multidirectional,Multidirectional,Multidirectional,Flake,62.29999924,46.79999924,35,NA,NA,NA,NA,Flake,NA,NA,2,NA,NA,Multidirectional,Multidirectional,2,NA,1.779999978,NA,1.331196587,1.337142835,37161.23828,7347.983515,Artec.Spider,yes
Ca_207,Cala,AU13,Quartzite,FALSE,33-66%,Base;Striking platform,Core,Pebble,no,no,B - inclined,Discoid,Inclined,Discoid,Flake,60,49.70000076,36.09999847,NA,NA,NA,NA,Flake,NA,NA,1,NA,NA,Centripetal,Centripetal,1,NA,1.662049932,NA,1.207243442,1.376731381,42735.57422,7314.789655,Artec.Spider,yes
Ca_209,Cala,AU13,Quartzite,FALSE,33-66%,Base;Striking platform,Core,Pebble,no,no,C - parallel,Parallel,Parallel,Parallel,Flake,41,42,18,NA,NA,NA,NA,Flake,NA,NA,1,NA,NA,Centripetal,Centripetal,1,NA,2.277777778,NA,0.976190476,2.333333333,14500.42969,3984.724525,Artec.Spider,yes
Ca_210,Cala,AU11,Chert,FALSE,33-66%,Back,Core,Pebble,no,no,C - parallel,Parallel,Parallel,Parallel,Flake,46.29999924,39.70000076,23,NA,NA,NA,NA,Flake,NA,NA,1,NA,NA,Centripetal,Centripetal,1,NA,2.013043445,NA,1.16624681,1.72608699,17116.44922,4079.56438,Artec.Spider,yes
Ca_211,Cala,AU13,Chert,FALSE,1-33%,Back,Core,Undetermined,no,no,C - parallel,Parallel,Parallel,Parallel,Flake,31.10000038,35,14.30000019,NA,NA,NA,NA,Flake,NA,NA,1,NA,NA,Centripetal,Centripetal,1,NA,2.174825172,NA,0.888571439,2.447552415,6799.277344,2428.551247,Artec.Spider,yes
Ca_212,Cala,AU11,Chert,FALSE,66-99%,Back,Core,Pebble,no,no,Bipolar,Bipolar,Bipolar,Bipolar,Flake,45,37,18,NA,NA,NA,NA,Flake,NA,NA,2,Cortical,Cortical,Bidirectional,Sub-parallel,2,NA,2.5,NA,1.216216216,2.055555556,12775.79297,3585.533624,Artec.Spider,yes
Ca_213,Cala,AU13,Radiolarite,FALSE,0%,NA,Core,Undetermined,no,no,D - platform,Platform flake,Flake,Platform flake,Flake,17.39999962,25,32,21.70000076,31.70000076,NA,NA,Flake,NA,NA,1,Reshaped,NA,Unidirectional,Sub-parallel,1,0.678125024,0.543749988,0.868000031,0.695999985,0.78125,4747.069336,1775.500593,Artec.Spider,yes
Ca_214,Cala,AU12,Radiolarite,FALSE,33-66%,Back,Core,Block,no,no,F - multidirectional,Multidirectional,Multidirectional,Multidirectional,Flake,71.30000305,69.19999695,34.70000076,NA,NA,NA,NA,Flake,NA,NA,2,Reshaped,NA,Multidirectional,Multidirectional,2,NA,2.054755086,NA,1.03034691,1.994236179,90452.41406,13550.67369,Artec.Spider,yes
Ca_215,Cala,AU12,Chert,FALSE,66-99%,Back;Base;Striking platform,Core,Pebble,no,no,H - tested raw material nodule,Tested,Tested,Tested,Flake,55,50,43,42.9,51.2,NA,NA,Undetermined,NA,NA,1,Reshaped,NA,Unidirectional,Sub-parallel,1,0.997674419,1.279069767,0.858,1.1,1.162790698,73711.83594,9995.765123,Artec.Spider,yes
Ca_216,Cala,AU12,Chert,FALSE,33-66%,Back,Core,Pebble,no,no,F - multidirectional,Multidirectional,Multidirectional,Multidirectional,Flake,43,31,30,NA,NA,NA,NA,Flake,NA,NA,3,NA,NA,Multidirectional,Multidirectional,3,NA,1.433333333,NA,1.387096774,1.033333333,15214.80371,3688.450149,Artec.Spider,yes
Ca_217,Cala,AU12,Siliceous limestone,FALSE,33-66%,Base,Core,Block,no,no,F - multidirectional,Multidirectional,Multidirectional,Multidirectional,Flake,61,35.70000076,26.20000076,NA,NA,NA,NA,Flake,NA,NA,2,NA,NA,Multidirectional,Multidirectional,2,NA,2.328244207,NA,1.708683437,1.362595409,24631.63672,5496.840507,Artec.Spider,yes
Ca_218,Cala,AU12,Radiolarite,FALSE,66-99%,Back,Core,Pebble,no,no,D - platform,Platform flake,Platform flake,Platform flake,Flake,29,39.40000153,22.29999924,NA,NA,NA,NA,Flake,NA,NA,1,Cortical,NA,Unidirectional,Sub-parallel,1,NA,1.300448475,NA,0.736040581,1.766816272,13073.15723,3410.762187,Artec.Spider,yes
Ca_219,Cala,AU13,Chert,FALSE,33-66%,Base,Core,Block,no,no,F - multidirectional,Multidirectional,Multidirectional,Multidirectional,Flake,34,33.40000153,22,NA,NA,NA,NA,Flake,NA,NA,2,Plain,NA,Multidirectional,Multidirectional,1,NA,1.545454545,NA,1.017964025,1.518181888,10192.83105,2792.894525,Artec.Spider,yes
Ca_220,Cala,AU12,Chert,FALSE,33-66%,Base,Core-Tool,Pebble,yes,yes,A - initial core,Initial,Initial carinated,Initial,Flake,29,41.09999847,52,19.60000038,36.5,NA,NA,Flake,12.9,11.7,1,Plain,NA,Unidirectional,Sub-parallel,1,0.376923084,0.557692308,0.476885672,0.705596133,0.790384586,23480.46094,5354.010323,Artec.Spider,yes
Ca_221,Cala,AU13,Chert,FALSE,66-99%,Back;Base;Lateral left;Lateral right,Core,Pebble,yes,no,A - initial core,Initial,Initial semi-circumferential,Initial,Flake,33.5,38.70000076,26.5,28.5,31.7,NA,NA,Undetermined,NA,NA,1,Unprepared,NA,Unidirectional,Sub-parallel,1,1.075471698,1.264150943,0.736434094,0.865633058,1.460377387,15202.92969,3508.623535,Artec.Spider,yes
Ca_222,Cala,AU13,Chert,FALSE,0%,NA,Core-Tool,Undetermined,yes,yes,E - carinated,Carinated,Carinated core,Carinated core,Bladelet-Flake,24.39999962,24.9,30.8,21.1,22.6,NA,NA,Flake,8.2,6,1,Reshaped,NA,Unidirectional,Sub-parallel,1,0.685064935,0.79220778,0.847389558,0.979919663,0.808441558,8123.443359,2477.115906,Artec.Spider,yes
Ca_223,Cala,AU13,Siliceous limestone,FALSE,33-66%,Back,Core,Nodule,no,no,D - platform,Platform flake,Platform flake,Platform flake,Flake,49,49.29999924,31.70000076,49.79999924,46.59999847,NA,NA,Flake,NA,NA,2,Plain,Plain,Bidirectional,Sub-parallel,1,1.570977856,1.545741288,1.010141988,0.993914823,1.555204986,40897.13281,7278.911756,Artec.Spider,yes
Ca_224,Cala,AU12,Chert,FALSE,33-66%,Base;Lateral left,Core,Pebble,yes,no,A - initial core,Initial,Initial semi-circumferential,Initial,Flake,40,49,66.30000305,42,51.4,NA,NA,Undetermined,NA,NA,1,Plain,NA,Unidirectional,Sub-parallel,1,0.633484134,0.603318223,0.857142857,0.816326531,0.739064823,43546.51953,8477.493176,Artec.Spider,yes
Ca_225,Cala,AU11,Siliceous limestone,FALSE,66-99%,Back;Base;Striking platform,Core,Pebble,no,no,H - tested raw material nodule,Tested,Tested,Tested,Flake,58.70000076,31.10000038,40,NA,NA,NA,NA,Undetermined,NA,NA,1,NA,NA,Unidirectional,Sub-parallel,1,NA,1.467500019,NA,1.887459808,0.77750001,36428.96484,6680.714103,Artec.Spider,yes
Ca_227,Cala,AU12,Radiolarite,FALSE,66-99%,Back;Base;Lateral left;Lateral right,Core,Pebble,no,no,H - tested raw material nodule,Tested,Tested,Tested,Flake,28,32.59999847,20.10000038,NA,NA,NA,NA,Undetermined,NA,NA,1,NA,NA,Unidirectional,Sub-parallel,1,NA,1.393034799,NA,0.858895746,1.621890441,9530.813477,2708.96767,Artec.Spider,yes
Ca_228,Cala,AU11,Chert,FALSE,66-99%,Back;Base;Lateral left;Lateral right,Core,Pebble,no,no,Bipolar,Bipolar,Bipolar,Bipolar,Flake,33.79999924,34.59999847,26,NA,NA,NA,NA,Flake,NA,NA,1,Dihedral,Cortical,Bidirectional,Sub-parallel,1,NA,1.299999971,NA,0.976878634,1.330769172,14745.81152,3650.45025,Artec.Spider,yes
Ca_229,Cala,AU13,Radiolarite,FALSE,0%,NA,Core,Flake,no,no,Bipolar,Bipolar,Bipolar,Bipolar,Flake,45.20000076,33.09999847,12.89999962,NA,NA,NA,NA,Flake,NA,NA,2,Dihedral,Dihedral,Bidirectional,Sub-parallel,2,NA,3.503876132,NA,1.365558998,2.56589143,7082.588379,2800.22926,Artec.Spider,yes
Ca_230,Cala,AU13,Radiolarite,FALSE,0%,NA,Core,Undetermined,no,no,Bipolar,Bipolar,Bipolar,Bipolar,Flake,25,34.59999847,12.39999962,NA,NA,NA,NA,Flake,NA,NA,3,Dihedral,Dihedral,Centripetal,Centripetal,2,NA,2.016129094,NA,0.722543384,2.790322543,5085.79834,2135.094729,Artec.Spider,yes
Ca_231,Cala,AU13,Chert,FALSE,1-33%,Back,Core,Undetermined,no,no,Bipolar,Bipolar,Bipolar,Bipolar,Bladelet-Flake,35,21,14.5,31.1,21.5,NA,NA,Bladelet,20.5,5.2,2,Plain,Dihedral,Bidirectional,Sub-parallel,3,2.144827586,2.413793103,1.480952381,1.666666667,1.448275862,4181.955078,1632.590255,Artec.Spider,yes
Ca_232,Cala,AU13,Radiolarite,FALSE,0%,NA,Core,Undetermined,no,no,Bipolar,Bipolar,Bipolar,Bipolar,Bladelet-Flake,28.39999962,27,16.29999924,25.7,27.8,NA,NA,Flake,NA,NA,2,Plain,Plain,Bidirectional,Sub-parallel,2,1.57668719,1.742331346,0.951851852,1.051851838,1.656441795,5084.104004,1827.887081,Artec.Spider,yes
Ca_233,Cala,AU13,Chert,FALSE,0%,NA,Core,Flake,no,no,Bipolar,Bipolar,Bipolar,Bipolar,Flake,27.70000076,18,15.89999962,NA,NA,NA,NA,Flake,NA,NA,3,Plain,Dihedral,Bidirectional,Sub-parallel,3,NA,1.742138455,NA,1.538888931,1.132075499,2659.619629,1242.070538,Artec.Spider,yes
Ca_234,Cala,AU13,Radiolarite,FALSE,1-33%,Back,Core,Flake,no,no,Bipolar,Bipolar,Bipolar,Bipolar,Bladelet-Flake,31.89999962,18.60000038,10.10000038,NA,NA,NA,NA,Flake,NA,NA,2,Plain,Dihedral,Bidirectional,Sub-parallel,1,NA,3.158415685,NA,1.715053708,1.841584127,2685.308594,1360.905467,Artec.Spider,yes
Ca_235,Cala,AU13,Radiolarite,FALSE,33-66%,Back,Core,Flake,no,no,Bipolar,Bipolar,Bipolar,Bipolar,Flake,33.79999924,18.70000076,13,NA,NA,NA,NA,Flake,NA,NA,3,Cortical,Plain,Bidirectional,Sub-parallel,2,NA,2.599999941,NA,1.807486516,1.438461597,2934.264404,1385.55642,Artec.Spider,yes
Ca_236,Cala,AU13,Radiolarite,FALSE,33-66%,Back,Core,Pebble,no,no,Bipolar,Bipolar,Bipolar,Bipolar,Flake,17.70000076,30.70000076,16,NA,NA,NA,NA,Flake,NA,NA,2,Cortical,Plain,Bidirectional,Sub-parallel,2,NA,1.106250048,NA,0.576547242,1.918750048,3401.877197,1396.987018,Artec.Spider,yes
Ca_237,Cala,AU13,Radiolarite,FALSE,33-66%,Back,Core,Pebble,no,no,Bipolar,Bipolar,Bipolar,Bipolar,Flake,23.60000038,16.79999924,13.60000038,NA,NA,NA,NA,Flake,NA,NA,2,Cortical,Dihedral,Bidirectional,Sub-parallel,1,NA,1.735294097,NA,1.404761991,1.235294027,1844.560913,1019.016758,Artec.Spider,yes
Ca_238,Cala,AU13,Radiolarite,FALSE,33-66%,Back,Core,Flake,no,no,Bipolar,Bipolar,Bipolar,Bipolar,Flake,16.5,9,27.39999962,NA,NA,NA,NA,Flake,NA,NA,2,Plain,Cortical,Bidirectional,Sub-parallel,3,NA,0.602189789,NA,1.833333333,0.328467158,2138.616699,1084.460018,Artec.Spider,yes
Ca_239,Cala,AU13,Radiolarite,FALSE,1-33%,Lateral left,Core,Undetermined,no,no,Bipolar,Bipolar,Bipolar,Bipolar,Flake,55.70000076,27,13.5,NA,NA,NA,NA,Flake,NA,NA,2,Dihedral,Dihedral,Bidirectional,Sub-parallel,3,NA,4.125925982,NA,2.062962991,2,10235.75488,3662.583981,Artec.Spider,yes
Ca_241,Cala,AU13,Chert,FALSE,33-66%,Lateral right,Core,Flake,no,no,Bipolar,Bipolar,Bipolar,Bipolar,Flake,41.20000076,29.89999962,16.89999962,NA,NA,NA,NA,Flake,NA,NA,1,Picketing,NA,Unidirectional,Sub-parallel,1,NA,2.437869923,NA,1.377926465,1.769230787,NA,NA,NA,NA
Ca_242,Cala,AU13,Chert,FALSE,0%,NA,Core,Flake,no,no,Bipolar,Bipolar,Bipolar,Bipolar,Flake,39.79999924,23.89999962,9.600000381,NA,NA,NA,NA,Flake,NA,NA,2,Dihedral,Dihedral,Bidirectional,Sub-parallel,2,NA,4.145833089,NA,1.665271961,2.489583195,4011.376953,1939.408495,Artec.Spider,yes
Ca_246,Cala,AU13,Radiolarite,FALSE,0%,NA,Core,Flake,no,no,Bipolar,Bipolar,Bipolar,Bipolar,Flake,26,18.60000038,7.300000191,NA,NA,NA,NA,Flake,NA,NA,2,Reshaped,Dihedral,Bidirectional,Sub-parallel,2,NA,3.561643743,NA,1.397849434,2.547945191,NA,NA,NA,NA
Ca_247,Cala,AU13,Radiolarite,FALSE,0%,NA,Core,Undetermined,no,no,Bipolar,Bipolar,Bipolar,Bipolar,Flake,27.5,26.10000038,7.800000191,NA,NA,NA,NA,Flake,NA,NA,3,Dihedral,Dihedral,Bidirectional,Sub-parallel,2,NA,3.525640939,NA,1.053639831,3.346153813,NA,NA,NA,NA
Ca_251,Cala,AU13,Chert,FALSE,0%,NA,Core,Undetermined,no,no,Bipolar,Bipolar,Bipolar,Bipolar,Flake,29,9.5,9.199999809,NA,NA,NA,NA,Flake,NA,NA,2,Dihedral,Dihedral,Bidirectional,Sub-parallel,3,NA,3.152173978,NA,3.052631579,1.032608717,1209.586914,842.7606507,Artec.Spider,yes
Ca_253,Cala,AU13,Radiolarite,FALSE,0%,NA,Core,Undetermined,no,no,Bipolar,Bipolar,Bipolar,Bipolar,Flake,28.5,17.79999924,7,NA,NA,NA,NA,Flake,NA,NA,2,Dihedral,Dihedral,Bidirectional,Sub-parallel,3,NA,4.071428571,NA,1.601123664,2.542857034,NA,NA,NA,NA
Ca_255,Cala,AU13,Radiolarite,FALSE,0%,NA,Core,Flake,no,no,Bipolar,Bipolar,Bipolar,Bipolar,Flake,26.10000038,20,8.699999809,NA,NA,NA,NA,Flake,NA,NA,2,Plain,Dihedral,Bidirectional,Sub-parallel,2,NA,3.00000011,NA,1.305000019,2.298850625,NA,NA,NA,NA
Ca_256,Cala,AU13,Radiolarite,FALSE,1-33%,Lateral left,Core,Flake,no,no,Bipolar,Bipolar,Bipolar,Bipolar,Flake,29.60000038,14.60000038,4.900000095,NA,NA,NA,NA,Flake,NA,NA,2,Cortical,Dihedral,Bidirectional,Sub-parallel,2,NA,6.040816287,NA,2.027397233,2.979591857,NA,NA,NA,NA
Ca_257,Cala,AU13,Chert,FALSE,1-33%,Base,Core,Flake,no,no,Bipolar,Bipolar,Bipolar,Bipolar,Flake,23.60000038,23.20000076,7.900000095,NA,NA,NA,NA,Flake,NA,NA,1,Plain,NA,Unidirectional,Sub-parallel,1,NA,2.987341784,NA,1.017241362,2.936708922,NA,NA,NA,NA
Ca_263,Cala,AU13,Radiolarite,FALSE,0%,NA,Core,Flake,no,no,Bipolar,Bipolar,Bipolar,Bipolar,Flake,28.5,14,8.699999809,NA,NA,NA,NA,Flake,NA,NA,1,Dihedral,NA,Unidirectional,Sub-parallel,1,NA,3.275862141,NA,2.035714286,1.609195438,NA,NA,NA,NA
Ca_265,Cala,AU13,Radiolarite,FALSE,0%,NA,Core,Flake,no,no,Bipolar,Bipolar,Bipolar,Bipolar,Flake,23.89999962,12.69999981,9.899999619,NA,NA,NA,NA,Flake,NA,NA,2,Dihedral,Dihedral,Bidirectional,Sub-parallel,2,NA,2.414141469,NA,1.881889762,1.282828313,1057.151733,775.1988795,Artec.Spider,yes
Ca_268,Cala,AU13,Chert,FALSE,0%,NA,Core,Flake,no,no,Bipolar,Bipolar,Bipolar,Bipolar,Flake,28,23.60000038,9.899999619,NA,NA,NA,NA,Flake,NA,NA,2,Plain,Dihedral,Bidirectional,Sub-parallel,2,NA,2.828282937,NA,1.186440659,2.383838514,NA,NA,NA,NA
Ca_269,Cala,AU13,Radiolarite,FALSE,0%,NA,Core,Undetermined,no,no,Bipolar,Bipolar,Bipolar,Bipolar,Flake,19.89999962,14.19999981,13.10000038,NA,NA,NA,NA,Flake,NA,NA,2,Plain,Plain,Bidirectional,Sub-parallel,3,NA,1.519083896,NA,1.401408443,1.08396942,NA,NA,NA,NA
Ca_273,Cala,AU13,Chert,FALSE,0%,NA,Core,Undetermined,no,no,Bipolar,Bipolar,Bipolar,Bipolar,Flake,18.79999924,12.80000019,6.199999809,NA,NA,NA,NA,Flake,NA,NA,2,Plain,Dihedral,Bidirectional,Sub-parallel,3,NA,3.032258035,NA,1.468749919,2.064516223,NA,NA,NA,NA
Ca_274,Cala,AU13,Radiolarite,FALSE,0%,NA,Core,Undetermined,no,no,Bipolar,Bipolar,Bipolar,Bipolar,Bladelet-Flake,16.29999924,10.10000038,10.60000038,NA,NA,NA,NA,Flake,NA,NA,2,Picketing,Dihedral,Bidirectional,Sub-parallel,4,NA,1.537735722,NA,1.61386125,0.95283019,NA,NA,NA,NA
Ca_275,Cala,AU13,Chert,FALSE,0%,NA,Core,Undetermined,no,no,Bipolar,Bipolar,Bipolar,Bipolar,Flake,30,21.29999924,13.5,NA,NA,NA,NA,Flake,NA,NA,3,Dihedral,Dihedral,Bidirectional,Sub-parallel,3,NA,2.222222222,NA,1.408450755,1.577777721,3349.481689,1452.113883,Artec.Spider,yes
Ca_276,Cala,AU13,Radiolarite,FALSE,1-33%,Lateral left,Core,Pebble,no,no,Bipolar,Bipolar,Bipolar,Bipolar,Bladelet-Flake,33.20000076,22.39999962,11.5,NA,NA,NA,NA,Flake,NA,NA,2,Plain,Dihedral,Bidirectional,Sub-parallel,2,NA,2.886956588,NA,1.482142916,1.947826054,2858.869629,1467.27416,Artec.Spider,yes
Ca_280,Cala,AU12,Radiolarite,FALSE,1-33%,Base,Core,Pebble,no,no,Bipolar,Bipolar,Bipolar,Bipolar,Flake,42.70000076,33.79999924,13,NA,NA,NA,NA,Flake,NA,NA,4,Plain,Dihedral,Bidirectional,Sub-parallel,2,NA,3.284615443,NA,1.263313661,2.599999941,8857.977539,3105.106334,Artec.Spider,yes
Ca_281,Cala,AU12,Radiolarite,FALSE,0%,NA,Core,Undetermined,no,no,Bipolar,Bipolar,Bipolar,Bipolar,Flake,41.40000153,27,11.80000019,NA,NA,NA,NA,Flake,NA,NA,2,Dihedral,Dihedral,Bidirectional,Sub-parallel,2,NA,3.508474649,NA,1.53333339,2.288135556,4857.268555,2133.833355,Artec.Spider,yes
Ca_282,Cala,AU12,Chert,FALSE,0%,NA,Core,Undetermined,no,no,Bipolar,Bipolar,Bipolar,Bipolar,Flake,49.90000153,27.20000076,11.5,NA,NA,NA,NA,Flake,NA,NA,4,Dihedral,Dihedral,Bidirectional,Sub-parallel,2,NA,4.339130567,NA,1.834558828,2.365217458,NA,NA,NA,NA
Ca_283,Cala,AU12,Radiolarite,FALSE,33-66%,Back,Core,Nodule,no,no,Bipolar,Bipolar,Bipolar,Bipolar,Blade-Flake,48.79999924,26.5,10.10000038,NA,NA,NA,NA,Flake,NA,NA,2,Dihedral,Dihedral,Bidirectional,Sub-parallel,2,NA,4.83168291,NA,1.841509405,2.623762277,4277.669922,2142.385834,Artec.Spider,yes
Ca_284,Cala,AU12,Chert,FALSE,0%,NA,Core,Undetermined,no,no,Bipolar,Bipolar,Bipolar,Bipolar,Flake,39.09999847,33.20000076,10.69999981,NA,NA,NA,NA,Flake,NA,NA,3,Dihedral,Dihedral,Bidirectional,Sub-parallel,2,NA,3.65420553,NA,1.17771077,3.102803865,4828.507813,2370.823319,Artec.Spider,yes
Ca_285,Cala,AU12,Chert,FALSE,1-33%,Back;Base,Core,Pebble,no,no,Bipolar,Bipolar,Bipolar,Bipolar,Flake,34,22.89999962,11.5,NA,NA,NA,NA,Flake,NA,NA,3,Cortical,Dihedral,Bidirectional,Sub-parallel,3,NA,2.956521739,NA,1.484716182,1.991304315,NA,NA,NA,NA
Ca_286,Cala,AU12,Radiolarite,TRUE,1-33%,Base,Core,Nodule,no,no,Bipolar,Bipolar,Bipolar,Bipolar,Flake,27.10000038,29.29999924,13.39999962,NA,NA,NA,NA,Flake,NA,NA,3,Cortical,Dihedral,Bidirectional,Sub-parallel,2,NA,2.022388146,NA,0.924914713,2.186567169,NA,NA,NA,NA
Ca_287,Cala,AU12,Radiolarite,FALSE,1-33%,Lateral left,Core,Undetermined,no,no,Bipolar,Bipolar,Bipolar,Bipolar,Flake,35.79999924,24.89999962,6.900000095,NA,NA,NA,NA,Flake,NA,NA,2,Dihedral,Dihedral,Bidirectional,Sub-parallel,2,NA,5.188405615,NA,1.437750995,3.608695547,3073.181641,1926.954167,Artec.Spider,yes
Ca_288,Cala,AU12,Chert,FALSE,0%,NA,Core,Angular debris,yes,no,D - platform,Narrow-sided,Narrow-sided,Narrow-sided,Bladelet,21.9,17,23.4,21.9,16.6,NA,NA,Bladelet,21.8,10.1,1,Plain,NA,Bidirectional,Sub-parallel,1,0.935897436,0.935897436,1.288235294,1.288235294,0.726495726,3323.704346,1530.295114,Artec.Spider,yes
Ca_289,Cala,AU12,Radiolarite,FALSE,1-33%,Base,Core,Pebble,no,no,Bipolar,Bipolar,Bipolar,Bipolar,Bladelet-Flake,26.79999924,20.20000076,11.19999981,NA,NA,NA,NA,Flake,NA,NA,3,Dihedral,Dihedral,Bidirectional,Sub-parallel,3,NA,2.392857115,NA,1.326732585,1.803571527,2650.982178,1323.640842,Artec.Spider,yes
Ca_295,Cala,AU12,Radiolarite,FALSE,66-99%,Back,Core,Flake,no,no,Bipolar,Bipolar,Bipolar,Bipolar,Flake,25.20000076,15.5,5,NA,NA,NA,NA,Flake,NA,NA,2,Dihedral,Dihedral,Bidirectional,Sub-parallel,1,NA,5.040000153,NA,1.625806501,3.1,NA,NA,NA,NA
Ca_300,Cala,AU12,Radiolarite,FALSE,0%,NA,Core,Undetermined,no,no,Bipolar,Bipolar,Bipolar,Bipolar,Flake,27.79999924,11.19999981,4.300000191,NA,NA,NA,NA,Flake,NA,NA,2,Dihedral,Dihedral,Bidirectional,Sub-parallel,4,NA,6.465115815,NA,2.482142831,2.604651003,627.5693359,624.1769642,Artec.Spider,yes
Ca_302,Cala,AU12,Radiolarite,TRUE,0%,NA,Core,Undetermined,no,no,Bipolar,Bipolar,Bipolar,Bipolar,Flake,21.89999962,15.39999962,11.10000038,NA,NA,NA,NA,Flake,NA,NA,3,Dihedral,Dihedral,Bidirectional,Sub-parallel,3,NA,1.972972871,NA,1.422077933,1.387387305,NA,NA,NA,NA
Ca_303,Cala,AU12,Chert,FALSE,0%,NA,Core,Undetermined,no,no,Bipolar,Bipolar,Bipolar,Bipolar,Flake,22.29999924,15.19999981,9.100000381,NA,NA,NA,NA,Flake,NA,NA,2,Plain,Dihedral,Bidirectional,Sub-parallel,3,NA,2.450549264,NA,1.467105231,1.670329579,NA,NA,NA,NA
Ca_304,Cala,AU12,Radiolarite,FALSE,1-33%,Back,Core,Pebble,no,no,Bipolar,Bipolar,Bipolar,Bipolar,Flake,27.79999924,12,11,NA,NA,NA,NA,Flake,NA,NA,2,Dihedral,Reshaped,Bidirectional,Sub-parallel,2,NA,2.527272658,NA,2.316666603,1.090909091,1406.260864,844.643544,Artec.Spider,yes
Ca_305,Cala,AU12,Radiolarite,FALSE,66-99%,Back,Core,Pebble,no,no,Bipolar,Bipolar,Bipolar,Bipolar,Flake,27.60000038,26.79999924,16.29999924,NA,NA,NA,NA,Flake,NA,NA,2,Cortical,Dihedral,Bidirectional,Sub-parallel,1,NA,1.693251636,NA,1.02985079,1.644171809,NA,NA,NA,NA
Ca_307,Cala,AU12,Chert,FALSE,33-66%,Back;Base,Core,Pebble,no,no,F - multidirectional,Multidirectional,Multidirectional,Multidirectional,Flake,56.79999924,30,26.39999962,NA,NA,NA,NA,Flake,NA,NA,2,Reshaped,Plain,Multidirectional,Multidirectional,2,NA,2.151515154,NA,1.893333308,1.136363653,19582.86328,4748.04928,Artec.Spider,yes
Ca_308,Cala,AU13,Quartzite,FALSE,66-99%,Base;Striking platform,Core,Pebble,no,no,D - platform,Platform flake,Platform flake,Platform flake,Flake,40,33.70000076,25,NA,NA,NA,NA,Flake,NA,NA,1,Cortical,NA,Unidirectional,Sub-parallel,1,NA,1.6,NA,1.186943593,1.348000031,20296.86523,4666.78112,Artec.Spider,yes
Ca_309,Cala,AU13,Radiolarite,FALSE,33-66%,Back;Lateral left;Striking platform,Core,Pebble,yes,no,A - initial core,Initial,Initial narrow-sided,Initial,Blade-Flake,38,23,41.59999847,27.6,18.4,NA,NA,Flake,25.3,15,1,Plain,NA,Unidirectional,Parallel,1,0.663461563,0.913461572,1.2,1.652173913,0.552884636,17261.17773,4299.059664,Artec.Spider,yes
Ca_310,Cala,AU12,Chert,FALSE,33-66%,Back;Striking platform,Core,Pebble,no,no,F - Multidirectional,Multidirectional,Multidirectional,Multidirectional,Flake,25,30.20000076,30.70000076,NA,NA,NA,NA,Flake,NA,NA,1,Plain,NA,Unidirectional,Sub-parallel,1,NA,0.814332227,NA,0.827814549,0.983713355,7469.563477,2560.873097,Artec.Spider,yes
Ca_311,Cala,AU13,Quartzite,FALSE,0%,NA,Core,Block,no,no,F - multidirectional,Multidirectional,Multidirectional,Multidirectional,Flake,58,36,35,NA,NA,NA,NA,Flake,NA,NA,3,NA,NA,Multidirectional,Multidirectional,3,NA,1.657142857,NA,1.611111111,1.028571429,31685.23633,6488.624984,Artec.Spider,yes
Ca_312,Cala,AU11,Radiolarite,FALSE,33-66%,Base,Core,Pebble,no,no,D - platform,Platform flake,Platform flake,Platform flake,Flake,44.09999847,38.20000076,18.70000076,NA,NA,NA,NA,Flake,NA,NA,1,Plain,NA,Unidirectional,Sub-parallel,1,NA,2.358288592,NA,1.154450199,2.042780706,13852.0332,4005.109319,Artec.Spider,yes
Ca_313,Cala,AU13,Chert,FALSE,33-66%,Back,Core,Block,no,no,D - platform,Platform flake,Platform flake,Platform flake,Flake,33.40000153,43,23,NA,NA,NA,NA,Flake,NA,NA,2,NA,NA,Bidirectional,Sub-parallel,1,NA,1.452173979,NA,0.776744222,1.869565217,13378.32813,3798.520868,Artec.Spider,yes
Ca_314,Cala,AU13,Chert,FALSE,0%,NA,Core-Tool,Undetermined,yes,yes,E - carinated,Carinated,Carinated core,Carinated core,Bladelet-Flake,34.29999924,28.29999924,15.19999981,17.3,25.4,NA,NA,Flake,11.3,8.5,2,Plain,Unprepared,Unidirectional,Sub-parallel,1,1.138157909,2.256578925,0.611307437,1.21201414,1.861842078,4126.805176,1718.443829,Artec.Spider,yes
Ca_315,Cala,AU11,Radiolarite,FALSE,0%,NA,Core,Undetermined,yes,no,A - initial core,Initial,Initial multi-platform,Initial,Bladelet-Flake,32,25.89999962,21,31.5,25.1,NA,NA,Flake,10.8,7.7,2,Plain,Reshaped,Bidirectional,Sub-parallel,2,1.5,1.523809524,1.216216234,1.235521254,1.233333315,6320.495117,2112.859685,Artec.Spider,yes
Ca_316,Cala,AU12,Chert,FALSE,1-33%,Back,Core,Block,no,no,F - multidirectional,Multidirectional,Multidirectional,Multidirectional,Flake,44.5,42.59999847,35.79999924,NA,NA,NA,NA,Flake,NA,NA,2,NA,NA,Multidirectional,Multidirectional,2,NA,1.243016786,NA,1.044600976,1.189944117,27099.54297,5548.449608,Artec.Spider,yes
Ca_317,Cala,AU12,Chert,FALSE,1-33%,Base,Core,Block,no,no,D - platform,Platform flake,Platform flake,Platform flake,Flake,48.70000076,43,25,NA,NA,NA,NA,Flake,33.8,25.6,2,Plain,NA,Multidirectional,Multidirectional,2,NA,1.948000031,NA,1.132558157,1.72,23881.27344,5559.573383,Artec.Spider,yes
Ca_318,Cala,AU13,Siliceous limestone,FALSE,0%,NA,Core,Undetermined,yes,no,D - platform,Semi-circumferential,Semi-circumferential,Semi-circumferential,Bladelet-Flake,47.09999847,31.70000076,23,48,26,NA,NA,Bladelet,22.7,8.1,2,Plain,Unprepared,Unidirectional,Sub-parallel,1,2.086956522,2.047826021,1.514195547,1.485804333,1.378260903,15793.75391,3854.103907,Artec.Spider,yes
Ca_319,Cala,AU11,Chert,FALSE,33-66%,Lateral right,Core,Block,no,no,Bipolar,Bipolar,Bipolar,Bipolar,Bladelet-Flake,72.30000305,26.79999924,34,67.2,19.4,NA,NA,Flake,NA,NA,1,Unprepared,Dihedral,Bidirectional,Sub-parallel,1,1.976470588,2.126470678,2.507462758,2.697761385,0.788235272,28308.71484,6539.5119,Artec.Spider,yes
Ca_320,Cala,AU12,Radiolarite,FALSE,1-33%,Back,Core,Pebble,yes,no,D - platform,Semi-circumferential,Semi-circumferential,Semi-circumferential,Bladelet,33.79999924,26.70000076,22.29999924,33.5,24.39999962,NA,NA,Bladelet,18.6,5.1,1,Reshaped,NA,Unidirectional,Convergent,1,1.502242204,1.515695085,1.254681612,1.265917538,1.197309492,7437.748047,2347.249029,Artec.Spider,yes
Ca_321,Cala,AU13,Radiolarite,FALSE,0%,NA,Core,Undetermined,yes,no,D - platform,Semi-circumferential,Semi-circumferential,Semi-circumferential,Bladelet,28.79999924,21.39999962,17,28,18.5,NA,NA,Bladelet,14.2,3.6,1,Plain,NA,Unidirectional,Convergent,1,1.647058824,1.694117602,1.308411238,1.345794381,1.258823507,3050.858398,1444.869361,Artec.Spider,yes
Ca_322,Cala,AU12,Chert,FALSE,1-33%,Lateral left,Core,Flake,yes,no,A - initial core,Initial,Initial wide-faced,Initial,Bladelet-Flake,32.59999847,22.70000076,17.70000076,29.3,22.6,18.9,24.2,Bladelet,29.1,10.1,1,Reshaped,NA,Unidirectional,Sub-parallel,2,1.65536716,1.841807744,1.290748855,1.436123233,1.282485864,5302.193848,1893.982369,Artec.Spider,yes
Ca_323,Cala,AU13,Chert,FALSE,0%,NA,Core,Flake,yes,no,D - platform,Narrow-sided,Narrow-sided,Narrow-sided,Bladelet,22.60000038,18.20000076,24.29999924,14.69999981,13.69999981,NA,NA,Bladelet,15.1,6.3,1,Plain,NA,Unidirectional,Sub-parallel,1,0.604938283,0.930041197,0.807692263,1.241758211,0.748971248,2715.776367,1352.421438,Artec.Spider,yes
Ca_324,Cala,AU12,Radiolarite,FALSE,1-33%,Back,Core,Pebble,yes,no,D - platform,Semi-circumferential,Semi-circumferential,Semi-circumferential,Bladelet,24.29999924,34.29999924,28,22.29999924,29,NA,NA,Flake,7.1,8.8,1,Reshaped,NA,Unidirectional,Sub-parallel,1,0.796428544,0.867857116,0.650145765,0.708454804,1.224999973,6238.23877,2187.719264,Artec.Spider,yes
Ca_325,Cala,AU12,Chert,FALSE,66-99%,Base;Back;left;Right,Core,Pebble,yes,no,A - initial core,Initial,Initial semi-circumferential,Initial,Blade-Flake,53.70000076,47.29999924,34.79999924,52,43.9,NA,NA,Flake,52,25,1,Reshaped,NA,Unidirectional,Sub-parallel,1,1.494252906,1.543103504,1.099365768,1.135306588,1.35919541,40014.88672,6895.884934,Artec.Spider,yes
Ca_326,Cala,AU12,Chert,FALSE,0%,NA,Core,Undetermined,no,no,Bipolar,Bipolar,Bipolar,Bipolar,Blade-Flake,48.59999847,24.10000038,19.89999962,44.2,24.8,NA,NA,Flake,NA,NA,2,Picketing,Dihedral,Bidirectional,Sub-parallel,3,2.22110557,2.442211025,1.834024867,2.016597415,1.211055319,13187.59277,3628.112667,Artec.Spider,yes
Ca_327,Cala,AU12,Radiolarite,FALSE,33-66%,Back;Base,Core,Pebble,no,no,Bipolar,Bipolar,Bipolar,Bipolar,Flake,34.90000153,19,10.60000038,34.4,19,NA,NA,Flake,NA,NA,2,Dihedral,Cortical,Bidirectional,Sub-parallel,2,3.245282902,3.292452856,1.810526316,1.836842186,1.792452766,4103.523926,1811.343647,Artec.Spider,yes
Ca_328,Cala,AU12,Chert,FALSE,1-33%,Base,Core,Undetermined,no,no,D- platform;I - core shatter,Shatter,Platform flake,Shatter,Flake,32.79999924,18,13.89999962,NA,NA,NA,NA,Flake,NA,NA,1,Plain,NA,Unidirectional,Sub-parallel,1,NA,2.35971224,NA,1.82222218,1.294964064,3524.308105,1493.98058,Artec.Spider,yes
Ca_329,Cala,AU12,Radiolarite,FALSE,33-66%,Back,Core,Nodule,no,no,C - parallel,Parallel,Parallel,Parallel,Flake,44.29999924,36,15.80000019,NA,NA,NA,NA,Flake,NA,NA,1,Reshaped,NA,Centripetal,Centripetal,1,NA,2.803797386,NA,1.230555534,2.278480985,10245.92285,3258.220686,Artec.Spider,yes
Ca_330,Cala,AU12,Siliceous limestone,FALSE,33-66%,Striking platform,Core,Pebble,no,no,B - inclined,Discoid,Inclined,Discoid,Flake,35,38.09999847,25.89999962,NA,NA,NA,NA,Flake,NA,NA,1,Cortical,NA,Centripetal,Centripetal,1,NA,1.351351371,NA,0.918635207,1.471042434,15253.05371,3449.83888,Artec.Spider,yes
Ca_331,Cala,AU13,Chert,FALSE,33-66%,Back,Core,Block,no,no,F - multidirectional,Multidirectional,Multidirectional,Multidirectional,Flake,43.59999847,38.20000076,25.79999924,NA,NA,NA,NA,Flake,NA,NA,3,Unprepared,NA,Multidirectional,Multidirectional,3,NA,1.689922471,NA,1.141361194,1.480620228,18277.73828,4259.055774,Artec.Spider,yes
Ca_332,Cala,AU13,Radiolarite,TRUE,33-66%,Back;Base,Core,Block,no,no,D - platform,Platform flake,Platform flake,Platform flake,Flake,44.59999847,49.70000076,52.09999847,NA,NA,NA,NA,Flake,NA,NA,2,Reshaped,Plain,Unidirectional,Sub-parallel,2,NA,0.856046061,NA,0.897384261,0.953934783,35759.65625,6708.068897,Artec.Spider,yes
Ca_333,Cala,AU12,Radiolarite,TRUE,0%,NA,Core,Undetermined,no,no,F - multidirectional,Multidirectional,Multidirectional,Multidirectional,Flake,31,36,23.5,NA,NA,NA,NA,Flake,NA,NA,3,Reshaped,NA,Multidirectional,Multidirectional,3,NA,1.319148936,NA,0.861111111,1.531914894,15217.5498,4014.518449,Artec.Spider,yes
Ca_334,Cala,AU12,Chert,FALSE,1-33%,Base,Core,Block,no,no,F - multidirectional,Multidirectional,Multidirectional,Multidirectional,Flake,38.20000076,38.20000076,28.79999924,NA,NA,NA,NA,Flake,NA,NA,2,Plain,Unprepared,Multidirectional,Multidirectional,2,NA,1.326388951,NA,1,1.326388951,17264.77734,4463.125885,Artec.Spider,yes
Ca_335,Cala,AU11,Radiolarite,FALSE,1-33%,Base,Core,Pebble,no,no,F - multidirectional,Multidirectional,Multidirectional,Multidirectional,Flake,30,27,22.60000038,NA,NA,NA,NA,Flake,NA,NA,3,Reshaped,Plain,Multidirectional,Multidirectional,3,NA,1.327433606,NA,1.111111111,1.194690245,8405.554688,2441.172845,Artec.Spider,yes
Ca_336,Cala,AU12,Radiolarite,FALSE,33-66%,Back;Base,Core,Pebble,no,no,D - platform,Platform flake,Platform flake,Platform flake,Flake,31,29,22,NA,NA,NA,NA,Flake,NA,NA,2,Reshaped,Plain,Unidirectional,Sub-parallel,2,NA,1.409090909,NA,1.068965517,1.318181818,11420.21777,3151.936173,Artec.Spider,yes
Ca_338,Cala,AU12,Chert,FALSE,33-66%,Back,Core,Pebble,no,no,Bipolar,Bipolar,Bipolar,Bipolar,Flake,38.5,32.5,12.60000038,NA,NA,NA,NA,Flake,NA,NA,2,Dihedral,Cortical,Bidirectional,Sub-parallel,1,NA,3.055555463,NA,1.184615385,2.579365001,6965.791504,2529.883393,Artec.Spider,yes
Ca_339,Cala,AU11,Siliceous limestone,FALSE,33-66%,Back,Core,Pebble,no,no,Bipolar,Bipolar,Bipolar,Bipolar,Flake,34.70000076,28.70000076,8.600000381,NA,NA,NA,NA,Flake,NA,NA,2,Dihedral,Cortical,Bidirectional,Sub-parallel,1,NA,4.034883631,NA,1.209059228,3.337209243,3784.645264,2053.618005,Artec.Spider,yes
Ca_340,Cala,AU11,Radiolarite,FALSE,33-66%,Back;Base,Core,Flake,no,no,Bipolar,Bipolar,Bipolar,Bipolar,Flake,29.29999924,31,13.10000038,NA,NA,NA,NA,Flake,NA,NA,2,Dihedral,Cortical,Bidirectional,Sub-parallel,2,NA,2.236641098,NA,0.945161266,2.366412145,NA,NA,NA,NA
Ca_341,Cala,AU11,Chert,FALSE,1-33%,Base,Core,Flake,no,no,Bipolar,Bipolar,Bipolar,Bipolar,Bladelet-Flake,19,30,9.600000381,NA,NA,NA,NA,Flake,NA,NA,2,Plain,Dihedral,Bidirectional,Sub-parallel,2,NA,1.979166588,NA,0.633333333,3.124999876,2235.781494,1202.765772,Artec.Spider,yes
Ca_342,Cala,AU11,Radiolarite,FALSE,1-33%,Base,Core,Flake,no,no,Bipolar,Bipolar,Bipolar,Bipolar,Flake,25.10000038,25.60000038,9.5,NA,NA,NA,NA,Flake,NA,NA,2,Dihedral,Dihedral,Bidirectional,Sub-parallel,2,NA,2.642105303,NA,0.98046875,2.694736882,2335.856934,1370.911128,Artec.Spider,yes
Ca_348,Cala,AU11,Chert,FALSE,0%,NA,Core,Undetermined,no,no,Bipolar,Bipolar,Bipolar,Bipolar,Bladelet-Flake,24,10.5,7.800000191,NA,NA,NA,NA,Flake,NA,NA,2,Dihedral,Dihedral,Bidirectional,Sub-parallel,2,NA,3.076923002,NA,2.285714286,1.346153813,938.951355,658.3345923,Artec.Spider,yes
Ca_349,Cala,AU11,Radiolarite,FALSE,0%,NA,Core,Undetermined,no,no,Bipolar,Bipolar,Bipolar,Bipolar,Flake,32.70000076,14.89999962,12.5,NA,NA,NA,NA,Flake,NA,NA,2,Dihedral,Dihedral,Bidirectional,Sub-parallel,3,NA,2.616000061,NA,2.19463098,1.191999969,2741.130615,1344.476038,Artec.Spider,yes
Ca_350,Cala,AU11,Quartzite,FALSE,0%,NA,Core,Undetermined,no,no,Bipolar,Bipolar,Bipolar,Bipolar,Flake,29.29999924,21,8,NA,NA,NA,NA,Flake,NA,NA,3,Dihedral,Dihedral,Bidirectional,Multidirectional,2,NA,3.662499905,NA,1.395238059,2.625,2194.633301,1224.484716,Artec.Spider,yes
Ca_353,Cala,AU10,Radiolarite,FALSE,0%,NA,Core,Undetermined,no,no,Bipolar,Bipolar,Bipolar,Bipolar,Bladelet-Flake,21.60000038,17.70000076,10.5,NA,NA,NA,NA,Flake,NA,NA,2,Picketing,Dihedral,Bidirectional,Sub-parallel,3,NA,2.057142893,NA,1.220338952,1.685714358,1215.631836,834.4801316,Artec.Spider,yes
Ca_354,Cala,AU11,Chert,TRUE,1-33%,Back,Core,Undetermined,no,no,Bipolar,Bipolar,Bipolar,Bipolar,Flake,22.70000076,10.19999981,8,NA,NA,NA,NA,Flake,NA,NA,2,Cortical,Dihedral,Bidirectional,Sub-parallel,2,NA,2.837500095,NA,2.225490312,1.274999976,NA,NA,NA,NA
Ca_360,Cala,AU11,Radiolarite,FALSE,1-33%,Lateral right,Core-Tool,Flake,yes,no,D - platform,Burin core,Burin core,Burin core,Bladelet,54.90000153,18,39.70000076,37.5,14.5,NA,NA,Bladelet,27.4,7.5,1,Plain,NA,Unidirectional,Sub-parallel,1,0.944584365,1.382871548,2.083333333,3.050000085,0.453400495,13750.78223,4303.891408,Artec.Spider,yes
Ca_361,Cala,AU13,Chert,FALSE,0%,NA,Core-Tool,Undetermined,yes,yes,E - carinated,Carinated,Carinated burin,Carinated burin,Bladelet,30.60000038,19.5,29.29999924,30.10000038,14.39999962,NA,NA,Bladelet,19.2,5.3,1,Reshaped,NA,Unidirectional,Sub-parallel,1,1.027303794,1.044368641,1.543589763,1.569230789,0.665529028,7424.905762,2346.564878,Artec.Spider,yes
Ca_362,Cala,AU12,Chert,FALSE,33-66%,Lateral right,Core-Tool,Flake,yes,yes,E - carinated,Carinated,Carinated burin,Carinated burin,Bladelet-Flake,30.5,14,33.90000153,13.39999962,12.5,17,5.400000095,Bladelet,12.5,3.6,2,Plain,Dihedral,Bidirectional,Sub-parallel,1,0.395280207,0.899704974,0.95714283,2.178571429,0.412979332,4944.375,1943.378484,Artec.Spider,yes
Ca_363,Cala,AU11,Chert,TRUE,1-33%,Back,Core-Tool,Flake,yes,yes,E - carinated,Carinated,Carinated endscraper,Carinated endscraper,Bladelet,16.20000076,22.10000038,27,20.70000076,23.39999962,NA,NA,Bladelet,15.4,4,1,Plain,NA,Unidirectional,Convergent,1,0.766666695,0.600000028,0.936651602,0.733031696,0.818518533,4001.938477,1682.525827,Artec.Spider,yes
Ca_364,Cala,AU13,Chert,FALSE,1-33%,Back,Core-Tool,Pebble,yes,yes,A - initial core,Initial,Initial carinated,Initial,Bladelet-Flake,22.60000038,36.29999924,23,34,50.79999924,NA,NA,Flake,17.5,20.3,1,Ventral face,NA,Unidirectional,Convergent,1,1.47826087,0.982608712,0.936639138,0.622589555,1.578260836,18557.53125,4487.518901,Artec.Spider,yes
Ca_368,Cala,AU11,Radiolarite,FALSE,0%,NA,Core-Tool,Flake,no,no,Bipolar,Bipolar,Bipolar,Bipolar,Flake,36.59999847,28.20000076,14.10000038,NA,NA,NA,NA,Flake,NA,NA,3,Dihedral,Dihedral,Bidirectional,Sub-parallel,3,NA,2.595744502,NA,1.297872251,2,NA,NA,NA,NA
Ca_378,Cala,AU12,Radiolarite,FALSE,1-33%,Flaking surface,Core,Pebble,no,no,Bipolar,Bipolar,Bipolar,Bipolar,Bladelet-Flake,26,21.79999924,8.899999619,25.3,22.8,NA,NA,Bladelet,24.4,7.4,2,Dihedral,Dihedral,Bidirectional,Sub-parallel,2,2.842696751,2.92134844,1.160550499,1.192660592,2.449438222,2118.713379,1262.542709,Artec.Spider,yes
Ca_379,Cala,AU12,Radiolarite,FALSE,1-33%,Lateral right,Core,Pebble,no,no,Bipolar,Bipolar,Bipolar,Bipolar,Bladelet-Flake,26.70000076,26,16.20000076,NA,NA,NA,NA,Flake,NA,NA,2,Cortical,Dihedral,Bidirectional,Sub-parallel,2,NA,1.648148118,NA,1.026923106,1.604938196,4259.614746,1702.881986,Artec.Spider,yes
Ca_380,Cala,AU13,Radiolarite,FALSE,0%,NA,Core,Flake,no,no,Bipolar,Bipolar,Bipolar,Bipolar,Flake,24.10000038,20.70000076,8.300000191,NA,NA,NA,NA,Flake,NA,NA,2,Cortical,Dihedral,Bidirectional,Sub-parallel,1,NA,2.903614437,NA,1.164251183,2.493975938,1794.3396,1057.832596,Artec.Spider,yes
Ca_381,Cala,AU13,Radiolarite,FALSE,0%,NA,Core,Undetermined,no,no,Bipolar,Bipolar,Bipolar,Bipolar,Flake,34.5,14,8.800000191,NA,NA,NA,NA,Flake,NA,NA,2,Picketing,Dihedral,Unidirectional,Sub-parallel,3,NA,3.92045446,NA,2.464285714,1.590909056,1413.050781,1029.429658,Artec.Spider,yes
Ca_382,Cala,AU12,Radiolarite,FALSE,0%,NA,Core,Undetermined,no,no,Bipolar,Bipolar,Bipolar,Bipolar,Flake,22,8.5,7.900000095,NA,NA,NA,NA,Flake,NA,NA,2,Picketing,Plain,Unidirectional,Sub-parallel,3,NA,2.784810093,NA,2.588235294,1.075949354,688.326355,519.037699,Artec.Spider,yes
Ca_397,Cala,AU13,Quartzite,FALSE,1-33%,Lateral left,Core-Tool,Flake,yes,yes,E - carinated,Carinated,Carinated burin,Carinated burin,Bladelet,31.5,21,45,30,19.60000038,NA,NA,Bladelet,21.9,5.9,1,Reshaped,NA,Unidirectional,Convergent,1,0.666666667,0.7,1.428571429,1.5,0.466666667,9859.675781,2958.241772,Artec.Spider,yes
Ca_398,Cala,AU13,Radiolarite,FALSE,33-66%,Back;Base,Core-Tool,Flake,yes,no,D - platform,Multi-platform,Multi-platform burin,Multi-platform,Bladelet,28.89999962,15.60000038,22.10000038,20.5,8.5,28,12,Bladelet,14.2,3.9,2,Reshaped,Cortical,Unidirectional,Sub-parallel,2,0.927601794,1.307692268,1.314102532,1.852564033,0.705882358,4201.271973,1685.887866,Artec.Spider,yes
Ca_399,Cala,AU13,Chert,FALSE,0%,NA,Core-Tool,Flake,yes,no,A - initial core,Initial,Initial burin core,Initial,Bladelet-Flake,52.40000153,21.10000038,31.10000038,34,19,NA,NA,Flake,24,11.6,1,Plain,NA,Unidirectional,Sub-parallel,1,1.093247575,1.684887488,1.611374378,2.48341235,0.678456596,9332.424805,3495.771374,Artec.Spider,yes
Ca_400,Cala,AU13,Chert,FALSE,0%,NA,Core-Tool,Flake,yes,yes,E - carinated,Carinated,Carinated burin,Carinated burin,Bladelet,19,14,38.5,14.69999981,13.39999962,NA,NA,Bladelet,13.1,4.7,1,Plain,NA,Unidirectional,Convergent,1,0.381818177,0.493506494,1.049999986,1.357142857,0.363636364,2963.570068,1506.60361,Artec.Spider,yes
Ca_401,Cala,AU13,Radiolarite,FALSE,0%,NA,Core-Tool,Flake,yes,no,D - platform,Narrow-sided,Burin core,Narrow-sided,Bladelet,32.29999924,11.60000038,18.70000076,32,11.69999981,NA,NA,Bladelet,20,6.1,1,Reshaped,NA,Unidirectional,Sub-parallel,1,1.711229877,1.727272616,2.758620599,2.784482601,0.620320851,2699.508057,1325.676503,Artec.Spider,yes
Ca_402,Cala,AU13,Chert,FALSE,0%,NA,Core,Flake,no,no,Bipolar,Bipolar,Bipolar,Bipolar,Flake,36,22,13.10000038,NA,NA,NA,NA,Flake,NA,NA,2,Picketing,Dihedral,Bidirectional,Sub-parallel,1,NA,2.748091523,NA,1.636363636,1.679389264,3835.812988,1676.862091,Artec.Spider,yes
Ca_412,Cala,AU12,Radiolarite,FALSE,33-66%,Back;Lateral left,Core-Tool,Flake,yes,no,D - platform,Burin core,Burin core,Burin core,Bladelet,25.39999962,10.39999962,11.89999962,25.10000038,10.5,NA,NA,Bladelet,18.5,4.9,1,Plain,NA,Unidirectional,Sub-parallel,1,2.109243797,2.134453818,2.413461664,2.442307745,0.873949576,1556.019287,930.4657426,Artec.Spider,yes
Ca_447,Cala,AU11,Radiolarite,TRUE,66-99%,Back;Base;Lateral left;Lateral right,Core,Pebble,no,no,H - tested raw material nodule,Tested,Tested,Tested,Flake,40.70000076,32.20000076,16.79999924,NA,NA,NA,NA,Flake,NA,NA,1,Cortical,NA,Bidirectional,Sub-parallel,2,NA,2.422619203,NA,1.263975149,1.916666799,8369.113281,2509.428869,Artec.Spider,yes
Ca_448,Cala,AU13,Chert,FALSE,33-66%,Back;Base;Lateral left;Lateral right,Core-Tool,Pebble,yes,yes,A - initial core,Initial,Initial carinated,Initial,Flake,24.29999924,23.20000076,20.10000038,18.4,23.7,NA,NA,Flake,15.8,13.7,1,Reshaped,NA,Unidirectional,Sub-parallel,1,0.915422868,1.208955163,0.793103422,1.047413726,1.154228872,12040.91602,3354.267561,Artec.Spider,yes
Ca_449,Cala,AU10,Chert,TRUE,0%,NA,Core-Tool,Flake,yes,yes,A - initial core,Initial,Initial carinated,Initial,Flake,13.89999962,33,32.40000153,13.1,32.3,NA,NA,Flake,11.5,9.9,1,Ventral face,NA,Unidirectional,Sub-parallel,1,0.404320969,0.429012314,0.396969697,0.42121211,1.018518471,5770.73291,2245.931008,Artec.Spider,yes
Ca_464,Cala,AU13,Chert,FALSE,33-66%,Back,Core,Flake,no,no,F - multidirectional,Multidirectional,Multidirectional,Multidirectional,Flake,24,40,43.40000153,NA,NA,NA,NA,Flake,NA,NA,1,Ventral face,NA,Multidirectional,Multidirectional,2,NA,0.552995372,NA,0.6,0.921658954,16578.0957,4189.11346,Artec.Spider,yes
Ca_466,Cala,AU13,Chert,FALSE,33-66%,Back;Lateral right,Core,Nodule,no,no,F - multidirectional,Multidirectional,Multidirectional,Multidirectional,Flake,96.59999847,63.79999924,37,NA,NA,NA,NA,Flake,NA,NA,2,NA,NA,Multidirectional,Multidirectional,2,NA,2.61081077,NA,1.514106577,1.724324304,86567.02344,13320.95226,Artec.Spider,yes
Ca_501,Cala,AU11,Chert,FALSE,33-66%,Back,Core,Flake,no,no,C - parallel,Parallel,Parallel,Parallel,Flake,51,38.70000076,18.10000038,NA,NA,NA,NA,Flake,NA,NA,1,NA,NA,Centripetal,Centripetal,1,NA,2.817679499,NA,1.317829431,2.138121544,12327.87402,3957.265942,Artec.Spider,yes
Ca_502,Cala,AU11,Radiolarite,FALSE,33-66%,Base;Flaking surface,Core-Tool,Flake,yes,yes,E - carinated,Carinated,Carinated endscraper,Carinated endscraper,Bladelet,16.70000076,31.20000076,30.60000038,16.29999924,24.70000076,NA,NA,Bladelet,14.2,4.1,1,Ventral face,NA,Unidirectional,Convergent,1,0.532679707,0.545751652,0.52243586,0.535256422,1.019607855,4842.364746,1973.597122,Artec.Spider,yes
Ca_519,Cala,AU10,Chert,FALSE,0%,NA,Core,Flake,no,no,Bipolar,Bipolar,Bipolar,Bipolar,Bladelet-Flake,28.79999924,9.899999619,9.899999619,NA,NA,NA,NA,Bladelet,17.8,4.8,2,Dihedral,Dihedral,Bidirectional,Sub-parallel,3,NA,2.909090944,NA,2.909090944,1,1137.156006,720.8571876,Artec.Spider,yes
Ca_520,Cala,AU13,Radiolarite,TRUE,1-33%,Lateral left,Core,Pebble,no,no,Bipolar,Bipolar,Bipolar,Bipolar,Bladelet-Flake,21.89999962,9.399999619,16,NA,NA,NA,NA,Bladelet,18.3,5.8,2,Plain,Dihedral,Bidirectional,Sub-parallel,2,NA,1.368749976,NA,2.329787288,0.587499976,1527.863892,830.1768349,Artec.Spider,yes
Ca_521,Cala,AU10,Chert,FALSE,0%,NA,Core,Flake,no,no,Bipolar,Bipolar,Bipolar,Bipolar,Bladelet-Flake,24.60000038,17.70000076,11.39999962,NA,NA,NA,NA,Flake,NA,NA,2,Picketing,Plain,Bidirectional,Sub-parallel,2,NA,2.157894843,NA,1.38983047,1.552631698,1758.684204,1032.505159,Artec.Spider,yes
Ca_522,Cala,AU12,Radiolarite,FALSE,1-33%,Base,Core,Flake,no,no,Bipolar,Bipolar,Bipolar,Bipolar,Bladelet-Flake,38.70000076,28.60000038,12.69999981,NA,NA,NA,NA,Flake,NA,NA,2,Picketing,Plain,Bidirectional,Sub-parallel,3,NA,3.0472442,NA,1.353146862,2.251968568,4915.174805,2145.169764,Artec.Spider,yes
Ca_523,Cala,AU12,Radiolarite,FALSE,33-66%,Base;Back;left;Right,Core,Flake,no,no,F - multidirectional,Multidirectional,Multidirectional,Multidirectional,Flake,40.40000153,20.60000038,15.19999981,NA,NA,NA,NA,Flake,NA,NA,2,NA,NA,Multidirectional,Multidirectional,2,NA,2.657894871,NA,1.961165086,1.3552632,5280.525879,2082.890373,Artec.Spider,yes
Ca_524,Cala,AU11,Radiolarite,FALSE,0%,NA,Core,Flake,yes,no,D - platform,Narrow-sided,Narrow-sided,Narrow-sided,Bladelet,39.79999924,11.69999981,14.5,39.5,12.19999981,NA,NA,Bladelet,34.8,7,1,Plain,NA,Unidirectional,Sub-parallel,1,2.724137931,2.744827534,3.376068431,3.401709392,0.806896539,3116.657715,1514.66219,Artec.Spider,yes
Ca_526,Cala,AU12,Radiolarite,FALSE,1-33%,Back,Core,Pebble,no,no,Bipolar,Bipolar,Bipolar,Bipolar,Bladelet-Flake,33,15.5,16.89999962,NA,NA,NA,NA,Bladelet,11.4,5.9,2,Plain,Cortical,Bidirectional,Sub-parallel,1,NA,1.952662766,NA,2.129032258,0.917159784,3468.241699,1536.018899,Artec.Spider,yes
Ca_528,Cala,AU11,Chert,FALSE,0%,NA,Core,Core fragment,no,no,Bipolar,Bipolar,Bipolar,Bipolar,Blade-Flake,34.20000076,36.90000153,23.20000076,NA,NA,NA,NA,Bladelet,26,7.5,1,Facetted,NA,Unidirectional,Sub-parallel,2,NA,1.474137915,NA,0.926829251,1.590517255,7607.953613,2605.245588,Artec.Spider,yes
Ca_529,Cala,AU13,Chert,FALSE,0%,NA,Core,Flake,no,no,F - multidirectional,Multidirectional,Multidirectional,Multidirectional,Flake,32.5,43.90000153,25,NA,NA,NA,NA,Flake,NA,NA,2,Reshaped,Plain,Multidirectional,Multidirectional,2,NA,1.3,NA,0.740318881,1.756000061,9420.744141,2982.752626,Artec.Spider,yes
Ca_530,Cala,AU11,Chert,FALSE,66-99%,Back;Base;Lateral left;Lateral right,Core,Nodule,no,no,H - tested raw material nodule,Tested,Tested,Tested,Flake,87.6,47,43,NA,NA,NA,NA,Flake,NA,NA,2,Cortical,Cortical,Multidirectional,Multidirectional,2,NA,2.037209302,NA,1.863829787,1.093023256,70584.39063,12367.35187,Artec.Spider,yes
Ca_532,Cala,AU12,Radiolarite,TRUE,0%,NA,Core,Undetermined,no,no,F - multidirectional,Multidirectional,Multidirectional,Multidirectional,Flake,38,21.20000076,22.89999962,NA,NA,NA,NA,Flake,NA,NA,2,Plain,Cortical,Multidirectional,Multidirectional,2,NA,1.659388674,NA,1.792452766,0.925764241,NA,NA,NA,NA
Ca_570,Cala,AU12,Radiolarite,FALSE,0%,NA,Core,Undetermined,no,no,Bipolar,Bipolar,Bipolar,Bipolar,Bladelet-Flake,18.60000038,17,11.19999981,NA,NA,NA,NA,Flake,NA,NA,2,Plain,Dihedral,Bidirectional,Sub-parallel,3,NA,1.660714348,NA,1.094117669,1.517857169,NA,NA,NA,NA
Ca_689,Cala,AU13,Chert,FALSE,66-99%,Back;Lateral left;Lateral right,Core,Pebble,no,no,H - tested raw material nodule,Tested,Tested,Tested,Flake,34.20000076,28.5,24.5,NA,NA,NA,NA,Flake,NA,NA,1,Plain,NA,Unidirectional,Sub-parallel,1,NA,1.395918398,NA,1.200000027,1.163265306,10675.14746,2991.684901,Artec.Micro,yes
Ca_711,Cala,AU13,Siliceous limestone,FALSE,66-99%,Back;Base;Striking platform,Core,Pebble,no,no,H - tested raw material nodule,Tested,Tested,Tested,Flake,100,47.20000076,40,NA,NA,NA,NA,Flake,NA,NA,1,NA,NA,Unidirectional,Sub-parallel,1,NA,2.5,NA,2.118644034,1.180000019,NA,NA,NA,NA
Ca_712,Cala,AU13,Radiolarite,FALSE,66-99%,Back;Base;Flaking surface,Core,Pebble,no,no,H - tested raw material nodule,Tested,Tested,Tested,Flake,45.59999847,24,19,NA,NA,NA,NA,Flake,NA,NA,1,NA,NA,Unidirectional,Sub-parallel,1,NA,2.39999992,NA,1.899999936,1.263157895,NA,NA,NA,NA
Ca_716,Cala,AU13,Chert,FALSE,0%,NA,Core,Undetermined,no,no,F - Multidirectional,Multidirectional,Multidirectional,Multidirectional,Flake,33.59999847,24.5,20.10000038,NA,NA,NA,NA,Flake,NA,NA,2,Plain,NA,Multidirectional,Multidirectional,3,NA,1.671641683,NA,1.371428509,1.21890545,6610.796875,2266.952515,Artec.Micro,yes
Ca_759,Cala,AU12,Chert,FALSE,0%,NA,Core,Undetermined,yes,no,D - platform,Wide-faced,Wide-Faced,Wide-faced,Bladelet,33,19,10,26.7,19.3,NA,NA,Bladelet,23.89999962,8.300000191,1,Plain,NA,Unidirectional,Sub-parallel,1,2.67,3.3,1.405263158,1.736842105,1.9,3452.803467,1464.056646,Artec.Micro,yes
Ca_770,Cala,AU11,Quartzite,FALSE,33-66%,Base,Core,Flake,no,no,C - parallel,Parallel,Parallel,Parallel,Flake,55.90000153,43.79999924,21.70000076,NA,NA,NA,NA,Flake,NA,NA,1,Plain,NA,Centripetal,Centripetal,1,NA,2.576036846,NA,1.276255765,2.018433074,NA,NA,NA,NA
Ca_771,Cala,AU11,Radiolarite,FALSE,33-66%,Lateral left,Core,Block,no,no,D- platform;I - core shatter,Shatter,Platform flake,Shatter,Undetermined,35.20000076,16.29999924,24.89999962,NA,NA,NA,NA,Undetermined,NA,NA,1,Plain,NA,Unidirectional,Sub-parallel,1,NA,1.413654671,NA,2.15950935,0.654618453,6766.644531,2124.397955,Artec.Micro,yes
Ca_772,Cala,AU11,Radiolarite,FALSE,66-99%,Back,Core,Pebble,no,no,Bipolar,Bipolar,Bipolar,Bipolar,Flake,31,21.89999962,13.5,NA,NA,NA,NA,Flake,NA,NA,2,Cortical,Dihedral,Bidirectional,Sub-parallel,1,NA,2.296296296,NA,1.415525139,1.622222194,NA,NA,NA,NA
Ca_855,Cala,AU10,Radiolarite,FALSE,0%,NA,Core,Undetermined,yes,no,D - platform,Narrow-sided,Narrow-sided,Narrow-sided,Bladelet-Flake,33,14.39999962,16.79999924,34,13.5,NA,NA,Flake,21.8,12.3,1,Reshaped,NA,Unidirectional,Sub-parallel,1,2.023809616,1.964285803,2.361111174,2.291666727,0.857142873,4215.058594,1757.280232,Artec.Micro,yes
Ca_860,Cala,AU12,Siliceous limestone,FALSE,0%,NA,Core,Blade,no,no,Bipolar,Bipolar,Bipolar,Bipolar,Flake,49.59999847,20,7.300000191,NA,NA,NA,NA,Flake,NA,NA,2,Dihedral,Dihedral,Bidirectional,Sub-parallel,2,NA,6.794520161,NA,2.479999924,2.739725956,NA,NA,NA,NA
Ca_914,Cala,AU13,Radiolarite,FALSE,33-66%,Base;Back;left;Right,Core,Flake,no,no,I - core shatter,Shatter,Undetermined,Shatter,Flake,34.70000076,26,19,NA,NA,NA,NA,Flake,NA,NA,2,Plain,Plain,Multidirectional,Multidirectional,2,NA,1.82631583,NA,1.334615414,1.368421053,6885.767578,2339.888783,Artec.Micro,yes
Ca_919,Cala,AU13,Radiolarite,FALSE,66-99%,Back;Base,Core,Pebble,no,no,Bipolar,Bipolar,Bipolar,Bipolar,Flake,33,22.39999962,10.80000019,NA,NA,NA,NA,Flake,NA,NA,2,Cortical,Cortical,Unidirectional,Sub-parallel,1,NA,3.055555502,NA,1.473214311,2.074074002,NA,NA,NA,NA
Ca_1026,Cala,AU13,Radiolarite,FALSE,1-33%,Base,Core,Pebble,yes,no,D- platform;I - core shatter,Shatter laminar,Narrow-sided,Shatter laminar,Bladelet,26.20000076,18.39999962,18.89999962,22,9.9,NA,NA,Undetermined,NA,NA,1,Plain,NA,Unidirectional,Sub-parallel,1,1.164021188,1.386243455,1.195652199,1.423913114,0.973544973,2212.939697,1078.85197,Artec.Micro,yes
Ca_1027,Cala,AU13,Radiolarite,FALSE,33-66%,Base,Core-Tool,Flake,yes,yes,A - Initial core,Initial,Initial carinated,Initial,Bladelet-Flake,23.4,19.9,33.8,12.8,18,NA,NA,Flake,11,8.5,1,Ventral face,NA,Unidirectional,Sub-parallel,1,0.378698225,0.692307692,0.64321608,1.175879397,0.588757396,4608.725586,1815.889602,Artec.Micro,yes
Ca_1290,Cala,AU13,Radiolarite,FALSE,66-99%,Back;Base;Lateral left;Lateral right,Core,Pebble,no,no,H - tested raw material nodule,Tested,Tested,Tested,Flake,32.40000153,22.5,11.60000038,NA,NA,NA,NA,Flake,NA,NA,1,NA,NA,Bidirectional,Sub-parallel,2,NA,2.793103488,NA,1.440000068,1.939655109,3625.981445,1476.519698,Artec.Micro,yes
Ca_1347,Cala,AU11,Radiolarite,FALSE,66-99%,Back;Base;Lateral left;Lateral right,Core,Pebble,no,no,H - tested raw material nodule,Tested,Tested,Tested,Undetermined,26.70000076,14.80000019,12.89999962,NA,NA,NA,NA,Undetermined,NA,NA,1,NA,NA,Unidirectional,Sub-parallel,1,NA,2.069767562,NA,1.804054082,1.14728687,2505.626465,1018.757725,Artec.Micro,yes
Ca_1471,Cala,AU12,Quartzite,FALSE,0%,NA,Core,Flake,no,no,Bipolar,Bipolar,Bipolar,Bipolar,Flake,41.70000076,36.79999924,10.60000038,NA,NA,NA,NA,Flake,NA,NA,1,Dihedral,NA,Unidirectional,Sub-parallel,1,NA,3.933962195,NA,1.133152218,3.471697916,NA,NA,NA,NA
Ca_1479,Cala,AU12,Radiolarite,FALSE,33-66%,Back,Core,Flake,no,no,D - platform,Platform flake,Platform flake,Platform flake,Flake,48.40000153,46.59999847,18.29999924,21,35.29999924,NA,NA,Flake,NA,NA,1,Plain,NA,Unidirectional,Sub-parallel,1,1.147541031,2.644808937,0.450643792,1.038626676,2.54644811,NA,NA,NA,NA
Ca_1487,Cala,AU11,Radiolarite,FALSE,33-66%,Base;Back;left;Right,Core,Flake,no,no,F - multidirectional,Multidirectional,Multidirectional,Multidirectional,Flake,27,35.90000153,17.70000076,16,34.59999847,NA,NA,Flake,NA,NA,2,Ventral face,Plain,Multidirectional,Multidirectional,2,0.903954763,1.525423663,0.445682432,0.752089105,2.028248586,4987.880859,1879.225511,Artec.Micro,yes
Ca_1488,Cala,AU11,Radiolarite,FALSE,33-66%,Base;Lateral right,Core-Tool,Flake,yes,yes,E - carinated,Carinated,Carinated core,Carinated core,Bladelet,16.60000038,21.79999924,24.29999924,17.79999924,16.39999962,NA,NA,Bladelet,14.5,4.2,1,Ventral face,NA,Unidirectional,Sub-parallel,1,0.73251028,0.683127609,0.816513755,0.761467934,0.897119338,2970.395508,1313.471891,Artec.Micro,yes
Ca_1494,Cala,AU12,Chert,FALSE,0%,NA,Core-Tool,Flake,yes,yes,E - carinated,Carinated,Carinated endscraper,Carinated endscraper,Bladelet-Flake,19.79999924,20.39999962,47,18.60000038,15,NA,NA,Flake,10.6,8.1,1,Ventral face,NA,Unidirectional,Sub-parallel,1,0.395744689,0.42127658,0.911764742,0.970588216,0.434042545,7310.231934,2555.016442,Artec.Micro,yes
Ca_1495,Cala,AU13,Chert,FALSE,1-33%,Left,Core-Tool,Flake,yes,yes,E - carinated,Carinated,Carinated endscraper,Carinated endscraper,Bladelet-Flake,14.9,17.3,30.9,14.5,18.9,NA,NA,Flake,11.6,9.1,1,Ventral face,NA,Unidirectional,Convergent,1,0.469255663,0.482200647,0.838150289,0.861271676,0.55987055,3527.0271,1518.423502,Artec.Micro,yes
Ca_1501,Cala,AU12,Radiolarite,FALSE,33-66%,Back;Lateral left;Lateral right,Core,Pebble,no,no,Bipolar,Bipolar,Bipolar,Bipolar,Flake,39.79999924,49,17,NA,NA,NA,NA,Flake,NA,NA,1,Dihedral,NA,Unidirectional,Sub-parallel,2,NA,2.341176426,NA,0.812244882,2.882352941,12849.00098,3545.400753,Artec.Micro,yes
Ca_1502,Cala,AU10,Chert,FALSE,0%,NA,Core-Tool,Flake,yes,yes,E - carinated,Carinated,Carinated endscraper,Carinated endscraper,Bladelet-Flake,14.60000038,25.10000038,30.79999924,13.6,18.4,NA,NA,Flake,13.6,9.1,1,Plain,NA,Unidirectional,Sub-parallel,1,0.441558452,0.474025998,0.541832661,0.581673313,0.814935098,4967.229492,1863.164409,Artec.Micro,yes
Ca_1504,Cala,AU13,Chert,FALSE,0%,NA,Core-Tool,Flake,yes,yes,E - carinated,Carinated,Carinated endscraper,Carinated endscraper,Bladelet,13.30000019,22,31.70000076,12.1,21.1,NA,NA,Bladelet,11.4,3.3,1,Ventral face,NA,Unidirectional,Convergent,1,0.381703461,0.419558356,0.55,0.604545463,0.694006292,3770.031494,1561.686974,Artec.Micro,yes
Ca_1509,Cala,AU10,Chert,FALSE,0%,NA,Core-Tool,Flake,yes,yes,E - carinated,Carinated,Carinated endscraper,Carinated endscraper,Bladelet,23,33.59999847,32.40000153,22.79999924,28.79999924,NA,NA,Bladelet,21,7.4,1,Ventral face,NA,Unidirectional,Convergent,1,0.703703647,0.70987651,0.678571437,0.684523841,1.037036941,7816.996094,2503.842617,Artec.Micro,yes
Ca_1511,Cala,AU10,Chert,FALSE,1-33%,Lateral right,Core,Block,yes,no,D - platform,Semi-circumferential,Semi-circumferential,Semi-circumferential,Bladelet,35.09999847,25.29999924,23.20000076,35.5,26.29999924,NA,NA,Bladelet,27.8,7.4,1,Plain,NA,Unidirectional,Sub-parallel,1,1.530172363,1.512930919,1.403162098,1.38735176,1.090517173,7856.020996,2352.821708,Artec.Micro,yes
Ca_1512,Cala,AU10,Radiolarite,FALSE,0%,NA,Core,Flake,no,no,Bipolar,Bipolar,Bipolar,Bipolar,Flake,29.20000076,23.79999924,14.89999962,NA,NA,NA,NA,Flake,NA,NA,2,Dihedral,Cortical,Bidirectional,Sub-parallel,3,NA,1.959731645,NA,1.226890828,1.597315426,2798.08252,1342.657858,Artec.Micro,yes
Ca_1513,Cala,AU11,Chert,FALSE,0%,NA,Core,Undetermined,no,no,D - platform,Platform flake,Platform flake,Platform flake,Flake,30.29999924,25.79999924,19.5,NA,NA,NA,NA,Flake,NA,NA,1,Plain,NA,Unidirectional,Convergent,1,NA,1.553846115,NA,1.17441861,1.323076884,5001.072266,1792.232427,Artec.Micro,yes
Ca_1516,Cala,AU10,Chert,FALSE,0%,NA,Core-Tool,Flake,yes,yes,E - carinated,Carinated,Carinated endscraper,Carinated endscraper,Bladelet,14.6,26,21.1,14.60000038,25.20000076,NA,NA,Bladelet,15.1,5.9,1,Ventral face,NA,Unidirectional,Sub-parallel,1,0.691943146,0.691943128,0.561538476,0.561538462,1.232227488,3430.317871,1554.960051,Artec.Micro,yes
Ca_1517,Cala,AU10,Radiolarite,FALSE,0%,NA,Core-Tool,Flake,yes,yes,E - carinated,Carinated,Carinated endscraper,Carinated endscraper,Bladelet,9.100000381,17.5,19.39999962,9.300000191,14.39999962,NA,NA,Bladelet,8.3,3,1,Ventral face,NA,Unidirectional,Convergent,1,0.479381463,0.469072194,0.531428582,0.520000022,0.902061873,1080.287231,696.052213,Artec.Micro,yes
Ca_1518,Cala,AU11,Chert,FALSE,0%,NA,Core-Tool,Flake,yes,yes,E - carinated,Carinated,Carinated endscraper,Carinated endscraper,Bladelet,10.19999981,21.79999924,25,11.5,13.39999962,NA,NA,Bladelet,9.8,3.2,1,Ventral face,NA,Unidirectional,Convergent,1,0.46,0.407999992,0.527522954,0.467889916,0.871999969,2322.806885,1173.199299,Artec.Micro,yes
Ca_1522,Cala,AU11,Radiolarite,FALSE,33-66%,Base;Left,Core-Tool,Blade,yes,yes,E - carinated,Carinated,Carinated endscraper,Carinated endscraper,Bladelet,10.5,16.39999962,28.3,9.600000381,13.60000038,NA,NA,Bladelet,10.4,4,1,Ventral face,NA,Unidirectional,Convergent,1,0.339222628,0.371024735,0.585365891,0.640243917,0.579505287,1758.616577,1072.691559,Artec.Micro,yes
Ca_1524,Cala,AU10,Radiolarite,FALSE,1-33%,Back,Core-Tool,Flake,yes,yes,E - carinated,Carinated,Carinated burin,Carinated burin,Bladelet,18.70000076,17.5,17.79999924,18,17.20000076,NA,NA,Bladelet,12.2,5.5,1,Plain,NA,Unidirectional,Convergent,1,1.011235998,1.050561886,1.028571429,1.068571472,0.98314611,1745.268799,895.2197041,Artec.Micro,yes
Ca_1526,Cala,AU10,Quartzite,FALSE,0%,NA,Core,Flake,no,no,C - parallel,Parallel,Parallel,Parallel,Flake,32.29999924,23.60000038,13.80000019,NA,NA,NA,NA,Flake,NA,NA,1,Facetted,NA,Centripetal,Centripetal,1,NA,2.340579623,NA,1.368644013,1.710144932,2927.208252,1352.707014,Artec.Micro,yes
Ca_1531,Cala,AU10,Unknown,FALSE,0%,NA,Core,Flake,no,no,F - multidirectional,Multidirectional,Multidirectional,Multidirectional,Flake,35.59999847,29.5,16.39999962,NA,NA,NA,NA,Flake,NA,NA,2,NA,NA,Multidirectional,Multidirectional,2,NA,2.170731665,NA,1.206779609,1.79878053,6108.395508,2251.108334,Artec.Micro,yes
Ca_1532,Cala,AU10,Chert,FALSE,0%,NA,Core,Angular debris,no,no,F - multidirectional,Multidirectional,Multidirectional,Multidirectional,Flake,40.90000153,24.60000038,19.79999924,NA,NA,NA,NA,Flake,NA,NA,2,NA,NA,Multidirectional,Multidirectional,1,NA,2.065656722,NA,1.662601662,1.24242431,6352.922852,2191.784972,Artec.Micro,yes
Ca_1533,Cala,AU10,Radiolarite,FALSE,1-33%,Back,Core-Tool,Flake,yes,yes,E - carinated,Carinated,Carinated endscraper,Carinated endscraper,Bladelet,21.5,25.5,29.20000076,15.60000038,14,NA,NA,Bladelet,11.5,3.8,1,Ventral face,NA,Unidirectional,Convergent,1,0.534246574,0.736301351,0.611764721,0.843137255,0.873287648,4730.017578,1784.76396,Artec.Micro,yes
Ca_1534,Cala,AU10,Chert,FALSE,0%,NA,Core,Undetermined,no,no,Bipolar,Bipolar,Bipolar,Bipolar,Bladelet-Flake,26.20000076,32.90000153,20.20000076,21,33.90000153,NA,NA,Flake,19.8,12.1,1,Dihedral,NA,Unidirectional,Sub-parallel,2,1.039603921,1.297029692,0.638297843,0.79635257,1.628712885,6870.780762,2224.378259,Artec.Micro,yes
Ca_1535,Cala,AU10,Unknown,FALSE,1-33%,Base,Core,Pebble,yes,no,D- platform;I - core shatter,Shatter laminar,Semi-circumferential,Shatter laminar,Bladelet,31.10000038,38.40000153,37.90000153,26.60000038,35.59999847,NA,NA,Undetermined,NA,NA,1,Reshaped,NA,Unidirectional,Sub-parallel,1,0.701846948,0.820580452,0.692708316,0.809895811,1.013192612,17088.49023,3740.131282,Artec.Micro,yes
Ca_1536,Cala,AU10,Radiolarite,FALSE,0%,NA,Core,Undetermined,no,no,F - multidirectional,Multidirectional,Multidirectional,Multidirectional,Flake,29.89999962,21.70000076,14,NA,NA,NA,NA,Flake,NA,NA,3,NA,NA,Multidirectional,Multidirectional,2,NA,2.135714258,NA,1.377880118,1.550000054,3873.097168,1539.600804,Artec.Micro,yes
Ca_1537,Cala,AU11,Chert,TRUE,1-33%,Lateral right,Core-Tool,Flake,yes,yes,E - carinated,Carinated,Carinated endscraper,Carinated endscraper,Bladelet,13,21.60000038,21.5,14.10000038,18.79999924,NA,NA,Bladelet,8.8,3.5,1,Ventral face,NA,Unidirectional,Convergent,1,0.655813971,0.604651163,0.652777784,0.601851841,1.004651181,2476.556152,1091.593026,Artec.Micro,yes
Ca_1538,Cala,AU11,Radiolarite,FALSE,33-66%,Back;Lateral left;Lateral right,Core-Tool,Pebble,yes,yes,E - carinated,Carinated,Carinated endscraper,Carinated endscraper,Bladelet,18,27.5,37.5,14.89999962,21.5,NA,NA,Bladelet,10.9,4.9,1,Reshaped,NA,Unidirectional,Sub-parallel,1,0.397333323,0.48,0.541818168,0.654545455,0.733333333,8677.043945,2414.651108,Artec.Micro,yes
Ca_1539,Cala,AU10,Chert,TRUE,0,NA,Core,Angular debris,no,no,F - multidirectional,Multidirectional,Multidirectional,Multidirectional,Flake,37.79999924,31.70000076,16.39999962,NA,NA,NA,NA,Flake,NA,NA,2,NA,NA,Multidirectional,Multidirectional,2,NA,2.304878056,NA,1.192428969,1.932926921,10834.14258,3118.548628,Artec.Micro,yes
